"song_4240","itunes_174232","1.0"
"song_5462","itunes_64398","1.0"
"song_5462","itunes_89787","1.0"
"song_5462","itunes_80627","1.0"
"song_5462","itunes_56649","1.0"
"song_5462","itunes_206304","1.0"
"song_6259","itunes_147794","1.0"
"song_6110","itunes_70207","1.0"
"song_6110","itunes_197192","1.0"
"song_6110","itunes_138465","1.0"
"song_6110","itunes_40012","1.0"
"song_2888","itunes_107272","1.0"
"song_2888","itunes_153819","1.0"
"song_2888","itunes_128379","1.0"
"song_2888","itunes_158141","1.0"
"song_2888","itunes_90007","1.0"
"song_6983","itunes_128382","1.0"
"song_6983","itunes_158144","1.0"
"song_6983","itunes_90010","1.0"
"song_6983","itunes_107275","1.0"
"song_6983","itunes_153822","1.0"
"song_1420","itunes_89993","1.0"
"song_1420","itunes_153805","1.0"
"song_1420","itunes_158127","1.0"
"song_1420","itunes_128365","1.0"
"song_1420","itunes_107258","1.0"
"song_3084","itunes_132677","1.0"
"song_5018","itunes_226677","1.0"
"song_2761","itunes_215076","1.0"
"song_2761","itunes_127786","1.0"
"song_2761","itunes_210506","1.0"
"song_2761","itunes_103141","1.0"
"song_2761","itunes_125729","1.0"
"song_2439","itunes_225617","1.0"
"song_2439","itunes_236967","1.0"
"song_2439","itunes_138304","1.0"
"song_2439","itunes_35991","1.0"
"song_2944","itunes_111102","1.0"
"song_2944","itunes_108618","1.0"
"song_1811","itunes_39990","1.0"
"song_1811","itunes_238188","1.0"
"song_1809","itunes_128384","1.0"
"song_1809","itunes_153824","1.0"
"song_1809","itunes_158146","1.0"
"song_1809","itunes_90012","1.0"
"song_1809","itunes_107277","1.0"
"song_1803","itunes_238185","1.0"
"song_1803","itunes_39987","1.0"
"song_6801","itunes_105470","1.0"
"song_5813","itunes_155599","1.0"
"song_1141","itunes_114043","1.0"
"song_2688","itunes_158135","1.0"
"song_2688","itunes_90001","1.0"
"song_2688","itunes_128373","1.0"
"song_2688","itunes_107266","1.0"
"song_2688","itunes_153813","1.0"
"song_2799","itunes_129491","1.0"
"song_474","itunes_33222","1.0"
"song_4346","itunes_71782","1.0"
"song_3835","itunes_213097","1.0"
"song_4850","itunes_98366","1.0"
"song_4850","itunes_180811","1.0"
"song_3503","itunes_119467","1.0"
"song_4216","itunes_123081","1.0"
"song_6763","itunes_238187","1.0"
"song_6763","itunes_39989","1.0"
"song_289","itunes_181609","1.0"
"song_5279","itunes_178589","1.0"
"song_5819","itunes_32970","1.0"
"song_5603","itunes_92546","1.0"
"song_5603","itunes_91273","1.0"
"song_5603","itunes_30163","1.0"
"song_4478","itunes_9829","1.0"
"song_4478","itunes_100242","1.0"
"song_4478","itunes_157958","1.0"
"song_4269","itunes_134768","1.0"
"song_6352","itunes_44158","1.0"
"song_3843","itunes_236961","1.0"
"song_3843","itunes_138298","1.0"
"song_3843","itunes_35985","1.0"
"song_3843","itunes_225611","1.0"
"song_7053","itunes_144451","1.0"
"song_4027","itunes_170908","1.0"
"song_4027","itunes_47629","1.0"
"song_4027","itunes_202829","1.0"
"song_4027","itunes_100447","1.0"
"song_4027","itunes_172990","1.0"
"song_4027","itunes_9664","1.0"
"song_4027","itunes_192677","1.0"
"song_4027","itunes_191971","1.0"
"song_4027","itunes_127330","1.0"
"song_4027","itunes_161119","1.0"
"song_4027","itunes_838","1.0"
"song_4027","itunes_36246","1.0"
"song_2840","itunes_157107","1.0"
"song_2584","itunes_57724","1.0"
"song_2584","itunes_181446","1.0"
"song_2584","itunes_132869","1.0"
"song_2584","itunes_156606","1.0"
"song_5689","itunes_112687","1.0"
"song_1056","itunes_155594","1.0"
"song_6404","itunes_35255","1.0"
"song_4213","itunes_33752","1.0"
"song_4213","itunes_147727","1.0"
"song_5634","itunes_214599","1.0"
"song_6145","itunes_134772","1.0"
"song_3913","itunes_173992","1.0"
"song_3913","itunes_24313","1.0"
"song_3913","itunes_76954","1.0"
"song_7102","itunes_41379","1.0"
"song_6828","itunes_107263","1.0"
"song_6828","itunes_128370","1.0"
"song_6828","itunes_158132","1.0"
"song_6828","itunes_89998","1.0"
"song_6828","itunes_312","1.0"
"song_6828","itunes_153810","1.0"
"song_6828","itunes_54741","1.0"
"song_6828","itunes_56388","1.0"
"song_4519","itunes_56688","1.0"
"song_5093","itunes_107283","1.0"
"song_5093","itunes_153830","1.0"
"song_5093","itunes_158152","1.0"
"song_5093","itunes_90018","1.0"
"song_5093","itunes_128390","1.0"
"song_2553","itunes_107282","1.0"
"song_2553","itunes_153829","1.0"
"song_2553","itunes_128389","1.0"
"song_2553","itunes_90017","1.0"
"song_2553","itunes_158151","1.0"
"song_4257","itunes_194601","1.0"
"song_4112","itunes_150043","1.0"
"song_6804","itunes_10322","1.0"
"song_6804","itunes_35971","1.0"
"song_6633","itunes_129660","1.0"
"song_4207","itunes_191637","1.0"
"song_4207","itunes_208453","1.0"
"song_4207","itunes_37850","1.0"
"song_149","itunes_67831","1.0"
"song_6017","itunes_14650","1.0"
"song_1652","itunes_131662","1.0"
"song_1652","itunes_86293","1.0"
"song_1652","itunes_22532","1.0"
"song_1652","itunes_125839","1.0"
"song_1652","itunes_150618","1.0"
"song_2211","itunes_128393","1.0"
"song_2211","itunes_158155","1.0"
"song_2211","itunes_90021","1.0"
"song_2211","itunes_107286","1.0"
"song_2211","itunes_153833","1.0"
"song_3520","itunes_226681","1.0"
"song_2927","itunes_91830","1.0"
"song_4509","itunes_155596","1.0"
"song_187","itunes_96041","1.0"
"song_187","itunes_185027","1.0"
"song_187","itunes_21467","1.0"
"song_187","itunes_71406","1.0"
"song_6754","itunes_197070","1.0"
"song_6179","itunes_134754","1.0"
"song_5285","itunes_174710","1.0"
"song_5285","itunes_6715","1.0"
"song_5285","itunes_84100","1.0"
"song_5285","itunes_155595","1.0"
"song_5285","itunes_19183","1.0"
"song_5285","itunes_150813","1.0"
"song_5285","itunes_194240","1.0"
"song_5285","itunes_80884","1.0"
"song_1713","itunes_210457","1.0"
"song_1713","itunes_42648","1.0"
"song_1713","itunes_63814","1.0"
"song_1713","itunes_29279","1.0"
"song_1713","itunes_124469","1.0"
"song_114","itunes_98484","1.0"
"song_7015","itunes_210655","1.0"
"song_7015","itunes_200017","1.0"
"song_7015","itunes_42916","1.0"
"song_3077","itunes_144450","1.0"
"song_2830","itunes_198842","1.0"
"song_5818","itunes_96211","1.0"
"song_5818","itunes_44808","1.0"
"song_5818","itunes_75458","1.0"
"song_4195","itunes_75454","1.0"
"song_4195","itunes_44804","1.0"
"song_4195","itunes_96207","1.0"
"song_482","itunes_212843","1.0"
"song_482","itunes_90700","1.0"
"song_1459","itunes_199316","1.0"
"song_2431","itunes_81943","1.0"
"song_2431","itunes_166888","1.0"
"song_2431","itunes_166139","1.0"
"song_2431","itunes_77230","1.0"
"song_2431","itunes_108657","1.0"
"song_2431","itunes_125163","1.0"
"song_2431","itunes_189442","1.0"
"song_2431","itunes_206537","1.0"
"song_2431","itunes_111788","1.0"
"song_3047","itunes_134767","1.0"
"song_300","itunes_125721","1.0"
"song_300","itunes_127778","1.0"
"song_300","itunes_103133","1.0"
"song_300","itunes_210498","1.0"
"song_300","itunes_215068","1.0"
"song_6796","itunes_103315","1.0"
"song_2717","itunes_144453","1.0"
"song_3464","itunes_145022","1.0"
"song_1255","itunes_156296","1.0"
"song_2546","itunes_171943","1.0"
"song_874","itunes_49399","1.0"
"song_1041","itunes_129665","1.0"
"song_325","itunes_152190","1.0"
"song_5175","itunes_153825","1.0"
"song_5175","itunes_90013","1.0"
"song_5175","itunes_107278","1.0"
"song_5175","itunes_128385","1.0"
"song_5175","itunes_158147","1.0"
"song_2404","itunes_111663","1.0"
"song_2404","itunes_102759","1.0"
"song_3810","itunes_96476","1.0"
"song_3889","itunes_22538","1.0"
"song_3889","itunes_86296","1.0"
"song_3889","itunes_125845","1.0"
"song_3889","itunes_131668","1.0"
"song_3889","itunes_150624","1.0"
"song_2774","itunes_39988","1.0"
"song_2774","itunes_238186","1.0"
"song_744","itunes_107274","1.0"
"song_744","itunes_128381","1.0"
"song_744","itunes_158143","1.0"
"song_744","itunes_90009","1.0"
"song_744","itunes_153821","1.0"
"song_5611","itunes_79520","1.0"
"song_5611","itunes_15886","1.0"
"song_5611","itunes_98179","1.0"
"song_5611","itunes_223929","1.0"
"song_5611","itunes_121259","1.0"
"song_5012","itunes_150631","1.0"
"song_5012","itunes_125852","1.0"
"song_5012","itunes_22545","1.0"
"song_5012","itunes_131675","1.0"
"song_5464","itunes_105479","1.0"
"song_6028","itunes_97771","1.0"
"song_6028","itunes_163819","1.0"
"song_2537","itunes_227091","1.0"
"song_2537","itunes_36135","1.0"
"song_5241","itunes_22316","1.0"
"song_5659","itunes_90642","1.0"
"song_5659","itunes_212785","1.0"
"song_555","itunes_238177","1.0"
"song_555","itunes_39979","1.0"
"song_4973","itunes_90004","1.0"
"song_4973","itunes_153816","1.0"
"song_4973","itunes_158138","1.0"
"song_4973","itunes_128376","1.0"
"song_4973","itunes_107269","1.0"
"song_2324","itunes_128371","1.0"
"song_2324","itunes_158133","1.0"
"song_2324","itunes_107264","1.0"
"song_2324","itunes_153811","1.0"
"song_2324","itunes_89999","1.0"
"song_6524","itunes_117256","1.0"
"song_6524","itunes_105894","1.0"
"song_2861","itunes_201869","1.0"
"song_2861","itunes_33932","1.0"
"song_2861","itunes_39742","1.0"
"song_1244","itunes_32537","1.0"
"song_1244","itunes_15117","1.0"
"song_1234","itunes_28703","1.0"
"song_1234","itunes_186558","1.0"
"song_6040","itunes_212803","1.0"
"song_6040","itunes_90660","1.0"
"song_2853","itunes_43296","1.0"
"song_2853","itunes_191075","1.0"
"song_2034","itunes_181607","1.0"
"song_3441","itunes_57918","1.0"
"song_3700","itunes_186696","1.0"
"song_3700","itunes_301","1.0"
"song_3700","itunes_54730","1.0"
"song_3700","itunes_56377","1.0"
"song_6753","itunes_22539","1.0"
"song_6753","itunes_125846","1.0"
"song_6753","itunes_131669","1.0"
"song_6753","itunes_150625","1.0"
"song_4458","itunes_129667","1.0"
"song_5627","itunes_236960","1.0"
"song_5627","itunes_35984","1.0"
"song_5627","itunes_138297","1.0"
"song_5627","itunes_225610","1.0"
"song_7069","itunes_170525","1.0"
"song_7069","itunes_225117","1.0"
"song_135","itunes_186706","1.0"
"song_2782","itunes_210459","1.0"
"song_2782","itunes_63816","1.0"
"song_2782","itunes_29281","1.0"
"song_2782","itunes_124471","1.0"
"song_2782","itunes_42650","1.0"
"song_6769","itunes_171942","1.0"
"song_6769","itunes_69424","1.0"
"song_6769","itunes_132082","1.0"
"song_3087","itunes_215078","1.0"
"song_3087","itunes_84692","1.0"
"song_3087","itunes_103143","1.0"
"song_3087","itunes_172196","1.0"
"song_3087","itunes_217601","1.0"
"song_3087","itunes_126843","1.0"
"song_3087","itunes_127788","1.0"
"song_3087","itunes_125731","1.0"
"song_3087","itunes_210508","1.0"
"song_3087","itunes_112439","1.0"
"song_5703","itunes_188767","1.0"
"song_2603","itunes_41383","1.0"
"song_7002","itunes_191969","1.0"
"song_7002","itunes_9662","1.0"
"song_7002","itunes_170906","1.0"
"song_7002","itunes_161117","1.0"
"song_7002","itunes_202827","1.0"
"song_7002","itunes_47627","1.0"
"song_7002","itunes_100445","1.0"
"song_7002","itunes_127328","1.0"
"song_7002","itunes_192675","1.0"
"song_7002","itunes_172988","1.0"
"song_7002","itunes_36244","1.0"
"song_7002","itunes_836","1.0"
"song_7003","itunes_144447","1.0"
"song_1125","itunes_111661","1.0"
"song_2707","itunes_120139","1.0"
"song_2707","itunes_8994","1.0"
"song_2707","itunes_42067","1.0"
"song_6881","itunes_107261","1.0"
"song_6881","itunes_89996","1.0"
"song_6881","itunes_153808","1.0"
"song_6881","itunes_128368","1.0"
"song_6881","itunes_158130","1.0"
"song_3894","itunes_214501","1.0"
"song_3894","itunes_9711","1.0"
"song_3894","itunes_64258","1.0"
"song_3894","itunes_32195","1.0"
"song_3894","itunes_101935","1.0"
"song_3894","itunes_112906","1.0"
"song_2237","itunes_222615","1.0"
"song_6156","itunes_80889","1.0"
"song_6156","itunes_194245","1.0"
"song_6156","itunes_19188","1.0"
"song_6156","itunes_6720","1.0"
"song_6156","itunes_150818","1.0"
"song_6156","itunes_174715","1.0"
"song_6156","itunes_84105","1.0"
"song_394","itunes_90650","1.0"
"song_394","itunes_212793","1.0"
"song_901","itunes_155600","1.0"
"song_1852","itunes_174239","1.0"
"song_5587","itunes_107450","1.0"
"song_5587","itunes_144770","1.0"
"song_5587","itunes_84122","1.0"
"song_1899","itunes_176987","1.0"
"song_5708","itunes_69428","1.0"
"song_5708","itunes_132086","1.0"
"song_5708","itunes_171946","1.0"
"song_4972","itunes_64255","1.0"
"song_4972","itunes_214495","1.0"
"song_4972","itunes_9708","1.0"
"song_4972","itunes_32189","1.0"
"song_1486","itunes_147266","1.0"
"song_1486","itunes_117509","1.0"
"song_1486","itunes_118508","1.0"
"song_1486","itunes_6637","1.0"
"song_1486","itunes_229184","1.0"
"song_1486","itunes_114839","1.0"
"song_1486","itunes_14668","1.0"
"song_1486","itunes_120889","1.0"
"song_1486","itunes_98627","1.0"
"song_1486","itunes_95556","1.0"
"song_2367","itunes_188954","1.0"
"song_5589","itunes_174238","1.0"
"song_2117","itunes_186697","1.0"
"song_5933","itunes_56382","1.0"
"song_5933","itunes_54735","1.0"
"song_5933","itunes_306","1.0"
"song_5129","itunes_211400","1.0"
"song_6832","itunes_214393","1.0"
"song_6832","itunes_24340","1.0"
"song_6832","itunes_21996","1.0"
"song_6832","itunes_213760","1.0"
"song_4700","itunes_53051","1.0"
"song_6691","itunes_26016","1.0"
"song_7042","itunes_129664","1.0"
"song_1090","itunes_159342","1.0"
"song_1090","itunes_178616","1.0"
"song_1090","itunes_6313","1.0"
"song_1090","itunes_193547","1.0"
"song_1090","itunes_114541","1.0"
"song_1090","itunes_10177","1.0"
"song_1090","itunes_195132","1.0"
"song_761","itunes_95034","1.0"
"song_2919","itunes_60949","1.0"
"song_2919","itunes_47504","1.0"
"song_2919","itunes_177728","1.0"
"song_947","itunes_191970","1.0"
"song_947","itunes_127329","1.0"
"song_947","itunes_192676","1.0"
"song_947","itunes_172989","1.0"
"song_947","itunes_202828","1.0"
"song_947","itunes_170907","1.0"
"song_947","itunes_9663","1.0"
"song_947","itunes_47628","1.0"
"song_947","itunes_161118","1.0"
"song_947","itunes_100446","1.0"
"song_947","itunes_837","1.0"
"song_947","itunes_36245","1.0"
"song_2713","itunes_203454","1.0"
"song_1370","itunes_195520","1.0"
"song_1370","itunes_206099","1.0"
"song_1370","itunes_687","1.0"
"song_1370","itunes_191238","1.0"
"song_1370","itunes_66707","1.0"
"song_1370","itunes_29195","1.0"
"song_1370","itunes_71986","1.0"
"song_1370","itunes_215943","1.0"
"song_3000","itunes_80898","1.0"
"song_3000","itunes_194254","1.0"
"song_3000","itunes_174724","1.0"
"song_3000","itunes_6729","1.0"
"song_3000","itunes_84114","1.0"
"song_3000","itunes_19197","1.0"
"song_3000","itunes_150827","1.0"
"song_5272","itunes_213153","1.0"
"song_6088","itunes_144443","1.0"
"song_950","itunes_79512","1.0"
"song_950","itunes_223921","1.0"
"song_950","itunes_15878","1.0"
"song_950","itunes_121251","1.0"
"song_950","itunes_98171","1.0"
"song_1947","itunes_205064","1.0"
"song_1007","itunes_33748","1.0"
"song_3236","itunes_119452","1.0"
"song_1590","itunes_153817","1.0"
"song_1590","itunes_158139","1.0"
"song_1590","itunes_128377","1.0"
"song_1590","itunes_107270","1.0"
"song_1590","itunes_90005","1.0"
"song_6227","itunes_204120","1.0"
"song_6227","itunes_106781","1.0"
"song_6227","itunes_98822","1.0"
"song_6227","itunes_42331","1.0"
"song_913","itunes_182550","1.0"
"song_913","itunes_145303","1.0"
"song_913","itunes_222973","1.0"
"song_131","itunes_14649","1.0"
"song_4010","itunes_158145","1.0"
"song_4010","itunes_128383","1.0"
"song_4010","itunes_90011","1.0"
"song_4010","itunes_107276","1.0"
"song_4010","itunes_153823","1.0"
"song_156","itunes_6293","1.0"
"song_156","itunes_135546","1.0"
"song_983","itunes_55788","1.0"
"song_983","itunes_118309","1.0"
"song_983","itunes_86282","1.0"
"song_983","itunes_154853","1.0"
"song_983","itunes_75754","1.0"
"song_6245","itunes_43308","1.0"
"song_6245","itunes_191087","1.0"
"song_816","itunes_197241","1.0"
"song_2504","itunes_121254","1.0"
"song_2504","itunes_98174","1.0"
"song_2504","itunes_223924","1.0"
"song_2504","itunes_15881","1.0"
"song_2504","itunes_79515","1.0"
"song_5087","itunes_195910","1.0"
"song_766","itunes_41380","1.0"
"song_5725","itunes_226680","1.0"
"song_2846","itunes_144445","1.0"
"song_1554","itunes_156303","1.0"
"song_3742","itunes_54736","1.0"
"song_3742","itunes_56383","1.0"
"song_3742","itunes_307","1.0"
"song_2196","itunes_225614","1.0"
"song_2196","itunes_35988","1.0"
"song_2196","itunes_138301","1.0"
"song_2196","itunes_236964","1.0"
"song_4537","itunes_211459","1.0"
"song_1819","itunes_53568","1.0"
"song_1819","itunes_44721","1.0"
"song_1819","itunes_135296","1.0"
"song_1819","itunes_106496","1.0"
"song_1819","itunes_108101","1.0"
"song_1819","itunes_87780","1.0"
"song_1819","itunes_115895","1.0"
"song_1203","itunes_91281","1.0"
"song_1203","itunes_30171","1.0"
"song_1203","itunes_92554","1.0"
"song_871","itunes_71629","1.0"
"song_871","itunes_103096","1.0"
"song_871","itunes_129441","1.0"
"song_871","itunes_113274","1.0"
"song_871","itunes_16709","1.0"
"song_871","itunes_145727","1.0"
"song_871","itunes_187770","1.0"
"song_871","itunes_57353","1.0"
"song_871","itunes_167099","1.0"
"song_871","itunes_162051","1.0"
"song_6777","itunes_55412","1.0"
"song_6869","itunes_42656","1.0"
"song_6869","itunes_210469","1.0"
"song_6869","itunes_124481","1.0"
"song_6869","itunes_29287","1.0"
"song_2210","itunes_186704","1.0"
"song_4552","itunes_174234","1.0"
"song_880","itunes_151181","1.0"
"song_4808","itunes_53567","1.0"
"song_4808","itunes_108100","1.0"
"song_4808","itunes_87779","1.0"
"song_4808","itunes_115894","1.0"
"song_4808","itunes_135295","1.0"
"song_1391","itunes_194597","1.0"
"song_4956","itunes_180963","1.0"
"song_4398","itunes_221807","1.0"
"song_47","itunes_159550","1.0"
"song_47","itunes_66984","1.0"
"song_1752","itunes_134760","1.0"
"song_2912","itunes_129663","1.0"
"song_2348","itunes_155601","1.0"
"song_822","itunes_194602","1.0"
"song_5327","itunes_35960","1.0"
"song_2192","itunes_86338","1.0"
"song_1706","itunes_238182","1.0"
"song_1706","itunes_86285","1.0"
"song_1706","itunes_55791","1.0"
"song_1706","itunes_75757","1.0"
"song_1706","itunes_118312","1.0"
"song_1706","itunes_131763","1.0"
"song_1706","itunes_154856","1.0"
"song_1706","itunes_39984","1.0"
"song_1706","itunes_197088","1.0"
"song_6461","itunes_193542","1.0"
"song_6461","itunes_195139","1.0"
"song_6461","itunes_10184","1.0"
"song_6944","itunes_192988","1.0"
"song_6944","itunes_98357","1.0"
"song_6944","itunes_180802","1.0"
"song_6944","itunes_210883","1.0"
"song_1172","itunes_156298","1.0"
"song_6324","itunes_86287","1.0"
"song_6324","itunes_144448","1.0"
"song_6324","itunes_55792","1.0"
"song_6324","itunes_118313","1.0"
"song_6324","itunes_75758","1.0"
"song_6324","itunes_154857","1.0"
"song_1309","itunes_128391","1.0"
"song_1309","itunes_107284","1.0"
"song_1309","itunes_153831","1.0"
"song_1309","itunes_90019","1.0"
"song_1309","itunes_158153","1.0"
"song_6833","itunes_101946","1.0"
"song_6833","itunes_112917","1.0"
"song_1274","itunes_208446","1.0"
"song_1274","itunes_191630","1.0"
"song_1274","itunes_37843","1.0"
"song_3931","itunes_79510","1.0"
"song_3931","itunes_15876","1.0"
"song_3931","itunes_98169","1.0"
"song_3931","itunes_223919","1.0"
"song_3931","itunes_121249","1.0"
"song_4477","itunes_35969","1.0"
"song_4477","itunes_10320","1.0"
"song_5092","itunes_32433","1.0"
"song_5092","itunes_52384","1.0"
"song_5092","itunes_111555","1.0"
"song_5009","itunes_132686","1.0"
"song_2408","itunes_202083","1.0"
"song_4572","itunes_183621","1.0"
"song_6652","itunes_148453","1.0"
"song_2066","itunes_119468","1.0"
"song_1227","itunes_188900","1.0"
"song_1227","itunes_35814","1.0"
"song_759","itunes_127779","1.0"
"song_759","itunes_125722","1.0"
"song_759","itunes_103134","1.0"
"song_759","itunes_210499","1.0"
"song_759","itunes_215069","1.0"
"song_2434","itunes_153826","1.0"
"song_2434","itunes_90014","1.0"
"song_2434","itunes_128386","1.0"
"song_2434","itunes_158148","1.0"
"song_2434","itunes_107279","1.0"
"song_6279","itunes_14647","1.0"
"song_552","itunes_84095","1.0"
"song_552","itunes_194235","1.0"
"song_552","itunes_80879","1.0"
"song_552","itunes_150808","1.0"
"song_552","itunes_41376","1.0"
"song_552","itunes_174705","1.0"
"song_552","itunes_19178","1.0"
"song_552","itunes_6710","1.0"
"song_426","itunes_144446","1.0"
"song_5663","itunes_9067","1.0"
"song_5647","itunes_195906","1.0"
"song_2335","itunes_42106","1.0"
"song_2335","itunes_219071","1.0"
"song_2335","itunes_120157","1.0"
"song_7022","itunes_144444","1.0"
"song_7022","itunes_86290","1.0"
"song_677","itunes_205049","1.0"
"song_1804","itunes_213101","1.0"
"song_5481","itunes_129659","1.0"
"song_6948","itunes_50040","1.0"
"song_6948","itunes_24825","1.0"
"song_6948","itunes_49845","1.0"
"song_3641","itunes_37895","1.0"
"song_1849","itunes_181636","1.0"
"song_6960","itunes_74906","1.0"
"song_6960","itunes_79120","1.0"
"song_1955","itunes_181610","1.0"
"song_2885","itunes_174970","1.0"
"song_2885","itunes_44642","1.0"
"song_4681","itunes_138299","1.0"
"song_4681","itunes_35986","1.0"
"song_4681","itunes_225612","1.0"
"song_4681","itunes_236962","1.0"
"song_1953","itunes_186698","1.0"
"song_2298","itunes_180975","1.0"
"song_2781","itunes_103313","1.0"
"song_5478","itunes_115944","1.0"
"song_600","itunes_10316","1.0"
"song_600","itunes_35965","1.0"
"song_598","itunes_125730","1.0"
"song_598","itunes_215077","1.0"
"song_598","itunes_127787","1.0"
"song_598","itunes_210507","1.0"
"song_598","itunes_103142","1.0"
"song_6062","itunes_180971","1.0"
"song_3058","itunes_128242","1.0"
"song_4201","itunes_42334","1.0"
"song_4201","itunes_106784","1.0"
"song_4201","itunes_98825","1.0"
"song_4201","itunes_204123","1.0"
"song_6549","itunes_92914","1.0"
"song_6549","itunes_172921","1.0"
"song_5430","itunes_197233","1.0"
"song_5310","itunes_33516","1.0"
"song_7058","itunes_225609","1.0"
"song_7058","itunes_236959","1.0"
"song_7058","itunes_35983","1.0"
"song_7058","itunes_138296","1.0"
"song_5102","itunes_147735","1.0"
"song_4279","itunes_10319","1.0"
"song_4279","itunes_35968","1.0"
"song_5085","itunes_168077","1.0"
"song_5640","itunes_60713","1.0"
"song_560","itunes_149076","1.0"
"song_1014","itunes_71932","1.0"
"song_1014","itunes_71933","1.0"
"song_1014","itunes_71929","1.0"
"song_2981","itunes_86297","1.0"
"song_2981","itunes_131672","1.0"
"song_2981","itunes_150628","1.0"
"song_2981","itunes_22542","1.0"
"song_2981","itunes_125849","1.0"
"song_5083","itunes_150028","1.0"
"song_5083","itunes_168091","1.0"
"song_3350","itunes_105481","1.0"
"song_6945","itunes_194598","1.0"
"song_4106","itunes_100233","1.0"
"song_4106","itunes_157949","1.0"
"song_4106","itunes_9820","1.0"
"song_6773","itunes_49929","1.0"
"song_6773","itunes_119460","1.0"
"song_6773","itunes_112208","1.0"
"song_6907","itunes_10317","1.0"
"song_6907","itunes_35966","1.0"
"song_2642","itunes_39981","1.0"
"song_2642","itunes_238179","1.0"
"song_844","itunes_10321","1.0"
"song_844","itunes_35970","1.0"
"song_2222","itunes_134759","1.0"
"song_6046","itunes_49397","1.0"
"song_7082","itunes_134761","1.0"
"song_6867","itunes_107271","1.0"
"song_6867","itunes_153818","1.0"
"song_6867","itunes_128378","1.0"
"song_6867","itunes_90006","1.0"
"song_6867","itunes_158140","1.0"
"song_3417","itunes_212816","1.0"
"song_3417","itunes_90673","1.0"
"song_2698","itunes_238176","1.0"
"song_2698","itunes_39978","1.0"
"song_2139","itunes_213108","1.0"
"song_4868","itunes_123087","1.0"
"song_6443","itunes_136698","1.0"
"song_6443","itunes_136697","1.0"
"song_6443","itunes_191391","1.0"
"song_6443","itunes_191390","1.0"
"song_214","itunes_194253","1.0"
"song_214","itunes_6728","1.0"
"song_214","itunes_80897","1.0"
"song_214","itunes_174723","1.0"
"song_214","itunes_84113","1.0"
"song_214","itunes_150826","1.0"
"song_214","itunes_19196","1.0"
"song_614","itunes_213756","1.0"
"song_614","itunes_21992","1.0"
"song_614","itunes_24336","1.0"
"song_614","itunes_214389","1.0"
"song_3901","itunes_67033","1.0"
"song_5243","itunes_2998","1.0"
"song_5243","itunes_149882","1.0"
"song_5243","itunes_175716","1.0"
"song_3833","itunes_138290","1.0"
"song_3833","itunes_225603","1.0"
"song_3833","itunes_35977","1.0"
"song_3833","itunes_236953","1.0"
"song_4737","itunes_194259","1.0"
"song_2426","itunes_188959","1.0"
"song_4018","itunes_215074","1.0"
"song_4018","itunes_127784","1.0"
"song_4018","itunes_210504","1.0"
"song_4018","itunes_125727","1.0"
"song_4018","itunes_103139","1.0"
"song_4464","itunes_10318","1.0"
"song_4464","itunes_35967","1.0"
"song_5582","itunes_105457","1.0"
"song_5952","itunes_35218","1.0"
"song_1951","itunes_105469","1.0"
"song_1030","itunes_225615","1.0"
"song_1030","itunes_138302","1.0"
"song_1030","itunes_35989","1.0"
"song_1030","itunes_236965","1.0"
"song_4055","itunes_128828","1.0"
"song_4055","itunes_75523","1.0"
"song_218","itunes_80757","1.0"
"song_218","itunes_323","1.0"
"song_218","itunes_54752","1.0"
"song_218","itunes_56399","1.0"
"song_218","itunes_110049","1.0"
"song_5361","itunes_89199","1.0"
"song_291","itunes_103271","1.0"
"song_291","itunes_44188","1.0"
"song_291","itunes_104005","1.0"
"song_5054","itunes_174240","1.0"
"song_4309","itunes_125842","1.0"
"song_4309","itunes_150621","1.0"
"song_4309","itunes_86295","1.0"
"song_4309","itunes_22535","1.0"
"song_4309","itunes_131665","1.0"
"song_6224","itunes_150623","1.0"
"song_6224","itunes_22537","1.0"
"song_6224","itunes_125844","1.0"
"song_6224","itunes_131667","1.0"
"song_2699","itunes_125640","1.0"
"song_2699","itunes_94414","1.0"
"song_6912","itunes_186701","1.0"
"song_266","itunes_105458","1.0"
"song_5953","itunes_63087","1.0"
"song_2766","itunes_233388","1.0"
"song_2766","itunes_40430","1.0"
"song_4559","itunes_95036","1.0"
"song_3634","itunes_131333","1.0"
"song_6785","itunes_13078","1.0"
"song_3956","itunes_142708","1.0"
"song_3956","itunes_186276","1.0"
"song_3956","itunes_229555","1.0"
"song_2360","itunes_92854","1.0"
"song_2360","itunes_56108","1.0"
"song_2360","itunes_101920","1.0"
"song_2360","itunes_112891","1.0"
"song_5504","itunes_194244","1.0"
"song_5504","itunes_80888","1.0"
"song_5504","itunes_6719","1.0"
"song_5504","itunes_84104","1.0"
"song_5504","itunes_150817","1.0"
"song_5504","itunes_19187","1.0"
"song_5504","itunes_174714","1.0"
"song_5504","itunes_86335","1.0"
"song_1552","itunes_43306","1.0"
"song_1552","itunes_191085","1.0"
"song_2225","itunes_181631","1.0"
"song_6039","itunes_10323","1.0"
"song_6039","itunes_35972","1.0"
"song_1629","itunes_194599","1.0"
"song_4038","itunes_172198","1.0"
"song_4038","itunes_84694","1.0"
"song_4038","itunes_112441","1.0"
"song_4038","itunes_217603","1.0"
"song_4038","itunes_126845","1.0"
"song_5619","itunes_87250","1.0"
"song_897","itunes_151867","1.0"
"song_673","itunes_208436","1.0"
"song_673","itunes_37833","1.0"
"song_673","itunes_191620","1.0"
"song_6459","itunes_41232","1.0"
"song_3669","itunes_105486","1.0"
"song_4075","itunes_215075","1.0"
"song_4075","itunes_103140","1.0"
"song_4075","itunes_127785","1.0"
"song_4075","itunes_210505","1.0"
"song_4075","itunes_125728","1.0"
"song_5315","itunes_203074","1.0"
"song_5315","itunes_157784","1.0"
"song_5315","itunes_194789","1.0"
"song_5315","itunes_133180","1.0"
"song_6192","itunes_134777","1.0"
"song_5978","itunes_117257","1.0"
"song_5978","itunes_105895","1.0"
"song_5847","itunes_86334","1.0"
"song_1417","itunes_192977","1.0"
"song_1417","itunes_210872","1.0"
"song_3922","itunes_87257","1.0"
"song_1026","itunes_42626","1.0"
"song_1026","itunes_69105","1.0"
"song_1026","itunes_164706","1.0"
"song_1026","itunes_165183","1.0"
"song_4370","itunes_176980","1.0"
"song_2494","itunes_209204","1.0"
"song_5533","itunes_227214","1.0"
"song_2373","itunes_92074","1.0"
"song_2373","itunes_73431","1.0"
"song_4294","itunes_105478","1.0"
"song_1942","itunes_95032","1.0"
"song_307","itunes_194255","1.0"
"song_307","itunes_80899","1.0"
"song_307","itunes_84115","1.0"
"song_307","itunes_150828","1.0"
"song_307","itunes_19198","1.0"
"song_307","itunes_6730","1.0"
"song_307","itunes_174725","1.0"
"song_7085","itunes_152245","1.0"
"song_6931","itunes_147795","1.0"
"song_5554","itunes_101931","1.0"
"song_5554","itunes_112902","1.0"
"song_7071","itunes_150620","1.0"
"song_7071","itunes_125841","1.0"
"song_7071","itunes_22534","1.0"
"song_7071","itunes_131664","1.0"
"song_3165","itunes_174235","1.0"
"song_6775","itunes_186702","1.0"
"song_6268","itunes_150622","1.0"
"song_6268","itunes_125843","1.0"
"song_6268","itunes_22536","1.0"
"song_6268","itunes_131666","1.0"
"song_1585","itunes_67244","1.0"
"song_1218","itunes_205125","1.0"
"song_5211","itunes_35987","1.0"
"song_5211","itunes_138300","1.0"
"song_5211","itunes_225613","1.0"
"song_5211","itunes_236963","1.0"
"song_1653","itunes_123092","1.0"
"song_2593","itunes_103361","1.0"
"song_5859","itunes_238313","1.0"
"song_5859","itunes_146745","1.0"
"song_5859","itunes_124405","1.0"
"song_5859","itunes_212187","1.0"
"song_5859","itunes_226274","1.0"
"song_5859","itunes_120495","1.0"
"song_5859","itunes_35853","1.0"
"song_1698","itunes_123255","1.0"
"song_1122","itunes_115941","1.0"
"song_6208","itunes_63818","1.0"
"song_6208","itunes_124473","1.0"
"song_6208","itunes_29283","1.0"
"song_6208","itunes_210461","1.0"
"song_6208","itunes_42652","1.0"
"song_2925","itunes_125851","1.0"
"song_2925","itunes_150630","1.0"
"song_2925","itunes_22544","1.0"
"song_2925","itunes_131674","1.0"
"song_1938","itunes_178875","1.0"
"song_1938","itunes_47974","1.0"
"song_1581","itunes_134763","1.0"
"song_4255","itunes_238175","1.0"
"song_4255","itunes_39977","1.0"
"song_2086","itunes_208428","1.0"
"song_2086","itunes_191612","1.0"
"song_2086","itunes_37825","1.0"
"song_2086","itunes_228456","1.0"
"song_973","itunes_213112","1.0"
"song_6826","itunes_112202","1.0"
"song_6826","itunes_49923","1.0"
"song_6826","itunes_183515","1.0"
"song_6826","itunes_228769","1.0"
"song_6826","itunes_119390","1.0"
"song_5892","itunes_107262","1.0"
"song_5892","itunes_153809","1.0"
"song_5892","itunes_128369","1.0"
"song_5892","itunes_158131","1.0"
"song_5892","itunes_89997","1.0"
"song_5107","itunes_180032","1.0"
"song_2159","itunes_89994","1.0"
"song_2159","itunes_153806","1.0"
"song_2159","itunes_158128","1.0"
"song_2159","itunes_128366","1.0"
"song_2159","itunes_107259","1.0"
"song_878","itunes_195323","1.0"
"song_878","itunes_157141","1.0"
"song_1414","itunes_174233","1.0"
"song_1817","itunes_162556","1.0"
"song_6746","itunes_107927","1.0"
"song_6746","itunes_43746","1.0"
"song_5645","itunes_205067","1.0"
"song_5762","itunes_144452","1.0"
"song_6034","itunes_122559","1.0"
"song_6034","itunes_94238","1.0"
"song_4767","itunes_218057","1.0"
"song_5238","itunes_95056","1.0"
"song_418","itunes_119462","1.0"
"song_1286","itunes_212139","1.0"
"song_1286","itunes_135217","1.0"
"song_5814","itunes_130387","1.0"
"song_2332","itunes_134549","1.0"
"song_3009","itunes_109067","1.0"
"song_3009","itunes_143874","1.0"
"song_3009","itunes_126716","1.0"
"song_3009","itunes_204595","1.0"
"song_3009","itunes_11614","1.0"
"song_3009","itunes_110732","1.0"
"song_3009","itunes_227400","1.0"
"song_3009","itunes_203015","1.0"
"song_5720","itunes_180965","1.0"
"song_683","itunes_186700","1.0"
"song_5728","itunes_155598","1.0"
"song_6054","itunes_181989","1.0"
"song_7048","itunes_90681","1.0"
"song_7048","itunes_212824","1.0"
"song_3932","itunes_89198","1.0"
"song_2673","itunes_131671","1.0"
"song_2673","itunes_22541","1.0"
"song_2673","itunes_125848","1.0"
"song_2673","itunes_150627","1.0"
"song_2750","itunes_120142","1.0"
"song_2750","itunes_78698","1.0"
"song_5758","itunes_139252","1.0"
"song_4888","itunes_10324","1.0"
"song_4888","itunes_35973","1.0"
"song_631","itunes_59260","1.0"
"song_1373","itunes_196943","1.0"
"song_2818","itunes_156758","1.0"
"song_2818","itunes_224940","1.0"
"song_288","itunes_79752","1.0"
"song_4636","itunes_153815","1.0"
"song_4636","itunes_90003","1.0"
"song_4636","itunes_128375","1.0"
"song_4636","itunes_158137","1.0"
"song_4636","itunes_107268","1.0"
"song_4033","itunes_39982","1.0"
"song_4033","itunes_238180","1.0"
"song_182","itunes_181794","1.0"
"song_182","itunes_170632","1.0"
"song_372","itunes_43863","1.0"
"song_2009","itunes_180816","1.0"
"song_2009","itunes_98371","1.0"
"song_2844","itunes_207312","1.0"
"song_4266","itunes_6727","1.0"
"song_4266","itunes_174722","1.0"
"song_4266","itunes_19195","1.0"
"song_4266","itunes_84112","1.0"
"song_4266","itunes_150825","1.0"
"song_4266","itunes_80896","1.0"
"song_4266","itunes_194252","1.0"
"song_1132","itunes_196569","1.0"
"song_1132","itunes_81147","1.0"
"song_1226","itunes_199584","1.0"
"song_852","itunes_14248","1.0"
"song_6012","itunes_205061","1.0"
"song_3809","itunes_158134","1.0"
"song_3809","itunes_128372","1.0"
"song_3809","itunes_90000","1.0"
"song_3809","itunes_107265","1.0"
"song_3809","itunes_153812","1.0"
"song_772","itunes_153814","1.0"
"song_772","itunes_90002","1.0"
"song_772","itunes_107267","1.0"
"song_772","itunes_128374","1.0"
"song_772","itunes_158136","1.0"
"song_6079","itunes_205068","1.0"
"song_5333","itunes_217637","1.0"
"song_4817","itunes_19180","1.0"
"song_4817","itunes_150810","1.0"
"song_4817","itunes_194237","1.0"
"song_4817","itunes_84097","1.0"
"song_4817","itunes_174707","1.0"
"song_4817","itunes_80881","1.0"
"song_4817","itunes_6712","1.0"
"song_2865","itunes_173096","1.0"
"song_3559","itunes_129662","1.0"
"song_3001","itunes_134753","1.0"
"song_3002","itunes_134773","1.0"
"song_4070","itunes_215809","1.0"
"song_3326","itunes_113480","1.0"
"song_3326","itunes_188593","1.0"
"song_2854","itunes_170504","1.0"
"song_1474","itunes_69178","1.0"
"song_4348","itunes_225605","1.0"
"song_4348","itunes_236955","1.0"
"song_4348","itunes_321","1.0"
"song_4348","itunes_35979","1.0"
"song_4348","itunes_56397","1.0"
"song_4348","itunes_54750","1.0"
"song_4348","itunes_138292","1.0"
"song_6987","itunes_86288","1.0"
"song_6987","itunes_154859","1.0"
"song_6987","itunes_75760","1.0"
"song_6987","itunes_144454","1.0"
"song_6987","itunes_118315","1.0"
"song_6987","itunes_55794","1.0"
"song_3686","itunes_186703","1.0"
"song_3687","itunes_57920","1.0"
"song_4514","itunes_134778","1.0"
"song_4894","itunes_107285","1.0"
"song_4894","itunes_128392","1.0"
"song_4894","itunes_158154","1.0"
"song_4894","itunes_90020","1.0"
"song_4894","itunes_153832","1.0"
"song_2601","itunes_120724","1.0"
"song_5099","itunes_73527","1.0"
"song_5099","itunes_228230","1.0"
"song_5099","itunes_115488","1.0"
"song_5099","itunes_185637","1.0"
"song_5099","itunes_154899","1.0"
"song_5980","itunes_119556","1.0"
"song_5980","itunes_142359","1.0"
"song_2212","itunes_201646","1.0"
"song_6910","itunes_300","1.0"
"song_6910","itunes_54729","1.0"
"song_6910","itunes_56376","1.0"
"song_6910","itunes_186695","1.0"
"song_791","itunes_22447","1.0"
"song_791","itunes_51035","1.0"
"song_5677","itunes_169730","1.0"
"song_5677","itunes_174231","1.0"
"song_4284","itunes_125840","1.0"
"song_4284","itunes_86294","1.0"
"song_4284","itunes_150619","1.0"
"song_4284","itunes_22533","1.0"
"song_4284","itunes_131663","1.0"
"song_4966","itunes_38882","1.0"
"song_4966","itunes_209199","1.0"
"song_2035","itunes_144766","1.0"
"song_2035","itunes_107446","1.0"
"song_6868","itunes_197238","1.0"
"song_7057","itunes_133268","1.0"
"song_7057","itunes_192751","1.0"
"song_7057","itunes_187321","1.0"
"song_6047","itunes_221626","1.0"
"song_6047","itunes_140146","1.0"
"song_6047","itunes_35733","1.0"
"song_825","itunes_129669","1.0"
"song_2873","itunes_71948","1.0"
"song_3684","itunes_32539","1.0"
"song_3684","itunes_15119","1.0"
"song_3684","itunes_32540","1.0"
"song_3684","itunes_15120","1.0"
"song_7050","itunes_219082","1.0"
"song_2714","itunes_157104","1.0"
"song_3660","itunes_119469","1.0"
"song_388","itunes_86284","1.0"
"song_4287","itunes_106495","1.0"
"song_4287","itunes_44720","1.0"
"song_6638","itunes_134775","1.0"
"song_6225","itunes_157951","1.0"
"song_6225","itunes_100235","1.0"
"song_6225","itunes_9822","1.0"
"song_2882","itunes_110024","1.0"
"song_2882","itunes_80732","1.0"
"song_2882","itunes_55787","1.0"
"song_2882","itunes_154852","1.0"
"song_2882","itunes_86280","1.0"
"song_2882","itunes_75753","1.0"
"song_2882","itunes_118308","1.0"
"song_2879","itunes_225606","1.0"
"song_2879","itunes_236956","1.0"
"song_2879","itunes_35980","1.0"
"song_2879","itunes_138293","1.0"
