"country","id","mayor","metroPopulation","name","population","rank","sameAs"
"USA","0","n/k","1.058 thousand","MacAllen","110 thousand","n/r","http://dbpedia.org/resource/McAllen._Texas"
"Brazil","1","Jos� C�cero Soares de Almeida","1.100 thousand","Maceio","922 thousand","437","http://dbpedia.org/resource/Macei%C3%B3"
"China","2","n/k",,"Macheng","1.880 thousand","152","http://dbpedia.org/resource/Macheng"
"Spain","3","Alberto Ruiz-Gallard�n","5.300 thousand","MADRID","3.213 thousand","73","http://dbpedia.org/resource/Madrid"
"India","4","Thenmozhi Gopinathan",,"Madurai","1.130 thousand","355","http://dbpedia.org/resource/Madurai"
"Germany","5","Lutz Tr�mper",,"Magdeburg","230 thousand","n/r","http://dbpedia.org/resource/Magdeburg"
"Nigeria","6","n/k","1.200 thousand","Maiduguri","1.200 thousand","324","http://dbpedia.org/resource/Maiduguri"
"Indonesia","7","Ilham Arief Sirajuddin",,"Makasar","1.113 thousand","360","http://dbpedia.org/resource/Makassar"
"Indonesia","8","n/k","921 thousand","Malang","742 thousand","523","http://dbpedia.org/resource/Malang"
"France","800","Martine Aubry","1.143 thousand","Lille","226 thousand","n/r","http://dbpedia.org/resource/Lille"
"Sweden","9","Ilmar Reepalu","1.340 thousand","Malmo","244 thousand","n/r","http://dbpedia.org/resource/Malm%C3%B6"
"Malawi","801","n/k",,"LILONGWE","866 thousand","461","http://dbpedia.org/resource/Lilongwe"
"Peru","802","Susana Villaran","8.473 thousand","LIMA","7.606 thousand","22","http://dbpedia.org/resource/Lima"
"China","803","Lian Chengmin","10.080 thousand","Linyi","2.300 thousand","123","http://dbpedia.org/resource/Linyi"
"Portugal","804","Ant�nio Costa","2.612 thousand","LISBON","558 thousand","587","http://dbpedia.org/resource/Lisbon"
"China","805","Tang Linxiang","1.600 thousand","Liuan","320 thousand","n/r","http://dbpedia.org/resource/Lu'an"
"China","806","Liang Zhong",,"Liuyang","1.380 thousand","265","http://dbpedia.org/resource/Liuyang"
"China","807","n/k","990 thousand","Liuzhou","810 thousand","487","http://dbpedia.org/resource/Liuzhou"
"UK","808","n/k","817 thousand","Liverpool","435 thousand","n/r","http://dbpedia.org/resource/Liverpool"
"Poland","809","Jerzy Kropiwickni","1.429 thousand","Lodz","783 thousand","506","http://dbpedia.org/resource/%C5%81%C3%B3d%C5%BA"
"UK","810","Boris Johnson","12.200 thousand","LONDON","7.557 thousand","23","http://dbpedia.org/resource/London"
"USA","811","Antonio Villaraigosa","12.890 thousand","Los Angeles","3.834 thousand","55","http://dbpedia.org/resource/Los_Angeles"
"USA","812","Jerry Abramson","1.040 thousand","Louisville","260 thousand","n/r","http://dbpedia.org/resource/Louisville._Kentucky"
"Angola","813","Jos� Maria Ferraz dos Santos","5.500 thousand","LUANDA","4.799 thousand","41","http://dbpedia.org/resource/Luanda"
"Germany","814","Bernd Saxe",,"L�beck","211 thousand","n/r","http://dbpedia.org/resource/L%C3%BCbeck"
"Congo D.R.","815","Moise Katumbi","1.250 thousand","Lubumbashi","1.140 thousand","347","http://dbpedia.org/resource/Lubumbashi"
"India","816","Dinesh Sharma","2.686 thousand","Lucknow","2.342 thousand","121","http://dbpedia.org/resource/Lucknow"
"India","817","n/k","4.400 thousand","Ludhiana","1.400 thousand","256","http://dbpedia.org/resource/Ludhiana"
"China","818","n/k",,"Lufeng","1.350 thousand","278","http://dbpedia.org/resource/Lufeng._Guangdong"
"China","819","Guo Hongchang","1.499 thousand","Luoyang","1.500 thousand","217","http://dbpedia.org/resource/Luoyang"
"Zambia","820","Robert Chikwelete","3.120 thousand","LUSAKA","1.110 thousand","363","http://dbpedia.org/resource/Lusaka"
"China","821","Liu Guoqiang","4.800 thousand","Luzhou","1.380 thousand","266","http://dbpedia.org/resource/Luzhou"
"Ukraine","822","Andriy Sadovyi","1.040 thousand","Lviv","740 thousand","524","http://dbpedia.org/resource/Lviv"
"France","823","G�rard Collomb","1.665 thousand","Lyon","472 thousand","n/r","http://dbpedia.org/resource/Lyon"
"China","600","Tang Linxiang","1.600 thousand","Liuan","320 thousand","n/r","http://dbpedia.org/resource/Lu'an"
"China","601","n/k","804 thousand","Dongying","294 thousand","n/r","http://dbpedia.org/resource/Dongying"
"Colombia","602","Samuel Moreno Rojas","8.361 thousand","BOGOTA","7.320 thousand","25","http://dbpedia.org/resource/Bogot%C3%A1"
"Colombia","603","Jorge Ivan Ospina","2.801 thousand","Cali","2.525 thousand","104","http://dbpedia.org/resource/Cali"
"Colombia","604","Alonso Salazar Jaramillo","3.312 thousand","Medellin","2.223 thousand","128","http://dbpedia.org/resource/Medell%C3%ADn"
"Colombia","605","Alejandro Char Chaljub","1.871 thousand","Barranquilla","1.298 thousand","294","http://dbpedia.org/resource/Barranquilla"
"Colombia","606","Judith Pinedo","1.240 thousand","Cartagena","893 thousand","452","http://dbpedia.org/resource/Cartagena._Colombia"
"Colombia","607","n/k","956 thousand","Bucaramanga","542 thousand","595","http://dbpedia.org/resource/Bucaramanga"
"Congo Br","608","n/k","1.134 thousand","BRAZZAVILLE","1.133 thousand","352","http://dbpedia.org/resource/Brazzaville"
"Congo Br","609","n/k","789 thousand","Pointe Noire","527 thousand","n/r","http://dbpedia.org/resource/Pointe-Noire"
"Congo D.R.","610","Andr� Kimbuta Yango","10.100 thousand","KINSHASA","8.200 thousand","18","http://dbpedia.org/resource/Kinshasa"
"Congo D.R.","611","Moise Katumbi","1.250 thousand","Lubumbashi","1.140 thousand","347","http://dbpedia.org/resource/Lubumbashi"
"Congo D.R.","612","n/k","1.054 thousand","Mbuji-Mayi","905 thousand","444","http://dbpedia.org/resource/Mbuji-Mayi"
"Congo D.R.","613","n/k","803 thousand","Kolwezi","803 thousand","497","http://dbpedia.org/resource/Kolwezi"
"Congo D.R.","614","n/k","818 thousand","Kisangani","510 thousand","n/r","http://dbpedia.org/resource/Kisangani"
"Costa Rica","615","Johnny Araya","1.370 thousand","SAN JOSE","357 thousand","n/r","http://dbpedia.org/resource/San_Jos%C3%A9._Costa_Rica"
"Croatia","616","Milan Bandic","1.288 thousand","ZAGREB","804 thousand","495","http://dbpedia.org/resource/Zagreb"
"Cuba","617","Juan Contino Asl�n","3.700 thousand","HAVANA","2.430 thousand","116","http://dbpedia.org/resource/Havana"
"Czech Republic","618","Zdenek Tuma","1.900 thousand","PRAGUE","1.242 thousand","315","http://dbpedia.org/resource/Prague"
"Denmark","619","Frank Jensen","1.096 thousand","COPENHAGEN","1.096 thousand","369","http://dbpedia.org/resource/Copenhagen"
"Dominican Republic","620","Roberto Salcedo","3.813 thousand","SANTO DOMINGO","2.989 thousand","80","http://dbpedia.org/resource/Santo_Domingo"
"Dominican Republic","621","Gilberto Serulle","1.937.000","Santiago de los Caballeros","1.329 thousand","284","http://dbpedia.org/resource/Santiago_de_los_Caballeros"
"Mexico","622","Eruviel �vila Villegas","1.690 thousand","Ecatepec","1.688 thousand","178","http://dbpedia.org/resource/Ecatepec_de_Morelos"
"Canada","623","Stephen Mandel","1.035 thousand","Edmonton","730 thousand","526","http://dbpedia.org/resource/Edmonton"
"Netherlands","624","R van Gijzel","440 thousand","Einhoven","212 thousand","n/r","http://dbpedia.org/resource/Eindhoven"
"Russia","625","Eugene Porunov","1.389 thousand","Ekaterinburg","1.323 thousand","286","http://dbpedia.org/resource/Yekaterinburg"
"Germany","626","Andreas Bausewein",,"Erfurt","203 thousand","n/r","http://dbpedia.org/resource/Erfurt"
"Iran","627","Morteza Saqaeian Nejad","2.600 thousand","Esfahan","1.584 thousand","197","http://dbpedia.org/resource/Isfahan"
"Germany","628","Reinhard Pa�",,"Essen","580 thousand","579","http://dbpedia.org/resource/Essen"
"China","629","n/k",,"Ezhou","1.064 thousand","385","http://dbpedia.org/resource/Ezhou"
"Pakistan","630","Rana Zahid Tauseef","5.081 thousand","Faisalabad","2.510 thousand","107","http://dbpedia.org/resource/Faisalabad"
"India","631","n/k","2.193 thousand","Faridabad","1.055 thousand","387","http://dbpedia.org/resource/Faridabad"
"China","632","n/k",,"Feicheng","960 thousand","426","http://dbpedia.org/resource/Feicheng"
"China","633","n/k",,"Fengcheng","1.250 thousand","310","http://dbpedia.org/resource/Fengcheng._Liaoning"
"Morocco","634","n/k",,"Fes","1.009 thousand","405","http://dbpedia.org/resource/Fes"
"Morocco","635","n/k","921 thousand","Fez","921 thousand","438","http://dbpedia.org/resource/Fes"
"Italy","636","Matteo Renzi","825 thousand","Florence","375 thousand","n/r","http://dbpedia.org/resource/Florence"
"Brazil","637","Luizianne Lins","3.415 thousand","Fortaleza","2.506 thousand","108","http://dbpedia.org/resource/Fortaleza"
"Germany","638","Petra Roth","2.717 thousand","Frankfurt","665 thousand","557","http://dbpedia.org/resource/Frankfurt"
"Sierra Leone","639","Herbert-George Williams","1.032 thousand","FREETOWN","1.032 thousand","395","http://dbpedia.org/resource/Freetown"
"Germany","640","Dieter Salomon",,"Freiburg","220 thousand","n/r","http://dbpedia.org/resource/Freiburg_im_Breisgau"
"USA","641","Ashley Swearengin","1.000 thousand","Fresno","500 thousand","n/r","http://dbpedia.org/resource/Fresno._California"
"Brazil","400","Jo�o Henrique Carneiro","3.173 thousand","Salvador da Bahia","2.998 thousand","79","http://dbpedia.org/resource/Salvador._Bahia"
"Japan","642","Hiroshi Yoshida","2.230 thousand","Fukuoka","1.450 thousand","234","http://dbpedia.org/resource/Fukuoka"
"Brazil","401","Luizianne Lins","3.415 thousand","Fortaleza","2.506 thousand","108","http://dbpedia.org/resource/Fortaleza"
"China","643","n/k",,"Fuqing","1.200 thousand","323","http://dbpedia.org/resource/Fuqing"
"Brazil","402","Marcio Lacerda","5.397 thousand","Belo Horizonte","2.453 thousand","114","http://dbpedia.org/resource/Belo_Horizonte"
"China","644","Wang Yang","2.300 thousand","Fushun","1.445 thousand","238","http://dbpedia.org/resource/Fushun"
"Brazil","403","Jos� Roberto Arruda","2.090 thousand","BRASILIA","2.089 thousand","134","http://dbpedia.org/resource/Bras%C3%ADlia"
"China","645","n/k","969 thousand","Fuxin","690 thousand","541","http://dbpedia.org/resource/Fuxin"
"Brazil","404","Carlos Richa","3.261 thousand","Curitiba","1.851 thousand","153","http://dbpedia.org/resource/Curitiba"
"China","646","Sun Yunfei",,"Fuyang","1.720 thousand","174","http://dbpedia.org/resource/Fuyang"
"Brazil","405","Amazonino Mendes","1.924 thousand","Manaus","1.739 thousand","173","http://dbpedia.org/resource/Manaus"
"China","647","Yuan Rongxiang","6.630 thousand","Fuzhou (Fujian)","2.710 thousand","91","http://dbpedia.org/resource/Fuzhou"
"Brazil","406","Jo�o da Costa Bezerra Filho","3.769 thousand","Recife","1.561 thousand","200","http://dbpedia.org/resource/Recife"
"China","648","X�e Y�s��","3.700 thousand","Fuzhou (Jiangxi)","1.020 thousand","399","http://dbpedia.org/resource/Fuzhou._Jiangxi"
"Brazil","407","Duciomar Costa","1.913 thousand","Belem","1.409 thousand","251","http://dbpedia.org/resource/Bel%C3%A9m"
"China","649","n/k",,"Gaozhou","1.650 thousand","185","http://dbpedia.org/resource/Gaozhou"
"Brazil","408","Jos� Fortunati","3.646 thousand","Porto Alegre","1.355 thousand","273","http://dbpedia.org/resource/Porto_Alegre"
"Brazil","409","Sebasti�o Moreira","1.500 thousand","Guarulhos","1.283 thousand","300","http://dbpedia.org/resource/Guarulhos"
"Palestine","650","n/k","1.000 thousand","Gaza","410 thousand","n/r","http://dbpedia.org/resource/Gaza"
"Turkey","651","n/k","1.912 thousand","Gaziantep","927 thousand","434","http://dbpedia.org/resource/Gaziantep"
"Brazil","410","�ris Rezende Machado","2.064 thousand","Goiania","1.282 thousand","301","http://dbpedia.org/resource/Goi%C3%A2nia"
"Poland","652","Pawel Adamowicz","866 thousand","Gdansk","457 thousand","n/r","http://dbpedia.org/resource/Gda%C5%84sk"
"Brazil","411","H�lio de Oliveira Santos","3.200 thousand","Campinas","1.059 thousand","386","http://dbpedia.org/resource/Campinas"
"Germany","653","Frank Baranowski",,"Gelsenkirchen","262 thousand","n/r","http://dbpedia.org/resource/Gelsenkirchen"
"Brazil","412","Jo�o Castelo","1.228 thousand","Sao Luis","987 thousand","417","http://dbpedia.org/resource/S%C3%A3o_Lu%C3%ADs._Maranh%C3%A3o"
"Belgium","654","Dani�l Termont",,"Gent","233 thousand","n/r","http://dbpedia.org/resource/Ghent"
"Brazil","413","n/k","1.221 thousand","Sao Goncalo","973 thousand","419","http://dbpedia.org/resource/S%C3%A3o_Gon%C3%A7alo._Rio_de_Janeiro"
"India","655","Damyanti Goel",,"Ghaziabad","970 thousand","420","http://dbpedia.org/resource/Ghaziabad._Uttar_Pradesh"
"Brazil","414","Jos� C�cero Soares de Almeida","1.100 thousand","Maceio","922 thousand","437","http://dbpedia.org/resource/Macei%C3%B3"
"Egypt","656","n/k","2.600 thousand","Giza","2.225 thousand","127","http://dbpedia.org/resource/Giza"
"Brazil","415","Silvio Mendes","949 thousand","Teresina","893 thousand","453","http://dbpedia.org/resource/Teresina"
"UK","657","n/k","1.200 thousand","Glasgow","581 thousand","578","http://dbpedia.org/resource/Glasgow"
"Brazil","416","Jos� Camilo Zito dos Santos Filho","1.000 thousand","Duque de Caxias","864 thousand","462","http://dbpedia.org/resource/Duque_de_Caxias"
"Brazil","658","�ris Rezende Machado","2.064 thousand","Goiania","1.282 thousand","301","http://dbpedia.org/resource/Goi%C3%A2nia"
"Brazil","417","Lindberg Farias","959 thousand","Nova Iguacu","846 thousand","469","http://dbpedia.org/resource/Nova_Igua%C3%A7u"
"China","659","n/k",,"Gongzhuling","1.050 thousand","391","http://dbpedia.org/resource/Gongzhuling"
"Brazil","418","n/k","1.100 thousand","Natal","790 thousand","503","http://dbpedia.org/resource/Natal._Rio_Grande_do_Norte"
"Brazil","419","Luiz Marinho",,"Sao Bernardo do Campo","783 thousand","507","http://dbpedia.org/resource/S%C3%A3o_Bernardo_do_Campo"
"Sweden","660","Anneli Hulth�n","916 thousand","Gothenburg","506 thousand","n/r","http://dbpedia.org/resource/Gothenburg"
"South Korea","661","n/k",,"Goyang","1.073 thousand","378","http://dbpedia.org/resource/Goyang"
"Brazil","420","Ricardo Coutinho","984 thousand","Joao Pessoa","702 thousand","538","http://dbpedia.org/page/Jo�o_Pessoa._Para�ba"
"USA","662","George Heartwell","777 thousand","Grand Rapids","193 thousand","n/r","http://dbpedia.org/resource/Grand_Rapids._Michigan"
"Brazil","421","Eduardo Cury","794 thousand","Sao Jose dos Campos","611 thousand","567","http://dbpedia.org/resource/S%C3%A3o_Jos%C3%A9_dos_Campos"
"USA","663","Bill Knight","710 thousand","Greensboro","256 thousand","n/r","http://dbpedia.org/resource/Greensboro._North_Carolina"
"Brazil","422","D�rcy Vera","789 thousand","Ribeirao Preto","547 thousand","591","http://dbpedia.org/resource/Ribeir%C3%A3o_Preto"
"Mexico","664","Jorge Aristoteles Sandoval","3.600 thousand","Guadalajara","1.580 thousand","198","http://dbpedia.org/resource/Guadalajara"
"Brazil","423","Jo�o Paulo Tavares Papa","1.477 thousand","Santos","418 thousand","n/r","http://dbpedia.org/resource/Santos._S%C3%A3o_Paulo"
"China","665","n/k","3.037 thousand","Guangyuan","1.160 thousand","341","http://dbpedia.org/resource/Guangyuan"
"Brazil","424","Jo�o Carlos Coser","1.628 thousand","Vitoria","313 thousand","n/r","http://dbpedia.org/resource/Vit%C3%B3ria._Esp%C3%ADrito_Santo"
"China","666","Wan Qingliang","10.182 thousand","Guangzhou","6.458 thousand","28","http://dbpedia.org/resource/Guangzhou"
"Brazil","425","Jos� Antonio Camargo","2.160 thousand","Colombo","247 thousand","n/r","http://dbpedia.org/resource/Colombo"
"Brazil","667","Sebasti�o Moreira","1.500 thousand","Guarulhos","1.283 thousand","300","http://dbpedia.org/resource/Guarulhos"
"Bulgaria","426","Yordanka Fandukova","1.455 thousand","SOFIA","1.403 thousand","252","http://dbpedia.org/resource/Sofia"
"Guatemala","668","Alvaro Arz�","2.564 thousand","GUATEMALA CITY","1.090 thousand","372","http://dbpedia.org/resource/Guatemala_City"
"Burkina Faso","427","Simon Compaor�","1.727 thousand","OUAGADOUGOU","1.475 thousand","225","http://dbpedia.org/resource/Ouagadougou"
"Ecuador","669","Jaime Nebot","2.686 thousand","Guayaquil","2.196 thousand","131","http://dbpedia.org/resource/Guayaquil"
"Cambodia","428","Keb Chutema","2.001 thousand","PHNOM PENH","1.242 thousand","314","http://dbpedia.org/resource/Phnom_Penh"
"Cameroon","429","n/k","1.550 thousand","YAOUND�","1.430 thousand","242","http://dbpedia.org/resource/Yaound%C3%A9"
"China","670","n/k","4.400 thousand","Guigang","1.500 thousand","215","http://dbpedia.org/resource/Guigang"
"China","671","Li Zhigang",,"Guilin","1.340 thousand","280","http://dbpedia.org/resource/Guilin"
"Cameroon","430","n/k","2.000 thousand","Douala","1.382 thousand","263","http://dbpedia.org/resource/Douala"
"China","672","n/k",,"Guiping","1.420 thousand","245","http://dbpedia.org/resource/Guiping"
"Canada","431","Rob Ford","5.100 thousand","Toronto","2.571 thousand","101","http://dbpedia.org/resource/Toronto"
"China","673","Yuan Zhou",,"Guiyang","3.450 thousand","67","http://dbpedia.org/resource/Guiyang"
"Canada","432","G�rald Tremblay","3.636 thousand","Montreal","1.621 thousand","189","http://dbpedia.org/resource/Montreal"
"Pakistan","674","Fayyaz Ahmad Chattha","1.900 thousand","Gujranwala","1.416 thousand","249","http://dbpedia.org/resource/Gujranwala"
"Canada","433","Naheed Nenshi","1.080 thousand","Calgary","988 thousand","416","http://dbpedia.org/resource/Calgary"
"India","675","Dolly Borah","820 thousand","Guwahati","808 thousand","492","http://dbpedia.org/resource/Guwahati"
"Canada","434","Larry O'Brien","1.131 thousand","OTTAWA","815 thousand","483","http://dbpedia.org/resource/Ottawa"
"India","676","Sameeksha Gupta","866 thousand","Gwalior","690 thousand","542","http://dbpedia.org/resource/Gwalior"
"Canada","435","Stephen Mandel","1.035 thousand","Edmonton","730 thousand","526","http://dbpedia.org/resource/Edmonton"
"South Korea","677","Kang Un-tae","1.500 thousand","Gwangju","1.415 thousand","250","http://dbpedia.org/resource/Gwangju"
"Canada","436","Gregor Robertson","2.120 thousand","Vancouver","580 thousand","580","http://dbpedia.org/resource/Vancouver"
"China","678","n/k",,"Haicheng","1.130 thousand","354","http://dbpedia.org/resource/Haicheng._Liaoning"
"Canada","437","R�gis Labeaume","717 thousand","Qu�bec","495 thousand","n/r","http://dbpedia.org/resource/Quebec"
"Israel","679","Yona Yahav","975 thousand","Haifa","276 thousand","n/r","http://dbpedia.org/resource/Haifa"
"Central African Republic","438","n/k","789 thousand","BANGUI","652 thousand","560","http://dbpedia.org/resource/Bangui"
"Chile","439","Pablo Zalaquett Said","6.677 thousand","SANTIAGO","5.278 thousand","35","http://dbpedia.org/resource/Santiago"
"China","680","n/k",,"Haikou","830 thousand","474","http://dbpedia.org/resource/Haikou"
"China","681","n/k",,"Haimen","950 thousand","429","http://dbpedia.org/resource/Haimen"
"Chile","440","Jacqueline van Rysselberghe","978 thousand","Concepci�n","404 thousand","n/r","http://dbpedia.org/resource/Concepci%C3%B3n._Chile"
"Vietnam","682","Trinh Quang Su","1.885 thousand","Haiphong","1.885 thousand","151","http://dbpedia.org/resource/Haiphong"
"Chile","441","Aldo Cornej","904 thousand","Valparaiso","301 thousand","n/r","http://dbpedia.org/resource/Valpara%C3%ADso"
"Germany","683","Dagmar Szabados",,"Halle","233 thousand","n/r","http://dbpedia.org/resource/Halle_(Saale)"
"Germany","200","Adolf Sauerland",,"Duisburg","494 thousand","n/r","http://dbpedia.org/resource/Duisburg"
"China","442","Han Zheng","19.200 thousand","Shanghai","14.900 thousand","2","http://dbpedia.org/resource/Shanghai"
"Syria","684","Abdul Razzaq al-Qutainy","1.500 thousand","Hama","325 thousand","n/r","http://dbpedia.org/resource/Hama"
"Germany","201","Peter Jung",,"Wuppertal","353 thousand","n/r","http://dbpedia.org/resource/Wuppertal"
"China","443","Guo Jinlong","17.550 thousand","BEIJING","12.460 thousand","4","http://dbpedia.org/resource/Beijing"
"Japan","685","Yasutomo Suzuki","1.093 thousand","Hamamatsu","815 thousand","482","http://dbpedia.org/resource/Hamamatsu"
"Germany","202","Peter Clausen","1.420 thousand","Bielefeld","324 thousand","n/r","http://dbpedia.org/resource/Bielefeld"
"China","444","Huang Xingguo","11.750 thousand","Tianjin","7.500 thousand","24","http://dbpedia.org/resource/Tianjin"
"Germany","686","Olaf Scholz","3.260 thousand","Hamburg","1.775 thousand","166","http://dbpedia.org/resource/Hamburg"
"Germany","203","Peter Kurz","1.456 thousand","Mannheim","311 thousand","n/r","http://dbpedia.org/resource/Mannheim"
"China","445","Donald Tsang",,"Hong Kong","7.055 thousand","27","http://dbpedia.org/resource/Hong_Kong"
"North Korea","687","n/k","821 thousand","Hamhung","821 thousand","479","http://dbpedia.org/resource/Hamhung"
"Germany","204","Heinz Fenrich",,"Karlsruhe","291 thousand","n/r","http://dbpedia.org/resource/Karlsruhe"
"China","446","Wan Qingliang","10.182 thousand","Guangzhou","6.458 thousand","28","http://dbpedia.org/resource/Guangzhou"
"China","688","Guo Dajian","8.500 thousand","Handan","1.390 thousand","260","http://dbpedia.org/resource/Handan"
"Germany","205","Helmut M�ller",,"Wiesbaden","277 thousand","n/r","http://dbpedia.org/resource/Wiesbaden"
"China","447","Li Yuquan","7.650 thousand","Dongguan","6.446 thousand","29","http://dbpedia.org/resource/Dongguan"
"China","689","Cai Qi","6.776 thousand","Hangzhou","3.408 thousand","69","http://dbpedia.org/resource/Hangzhou"
"Germany","206","Markus Lewe",,"M�nster","274 thousand","n/r","http://dbpedia.org/resource/M%C3%BCnster"
"China","448","Li Yingjie","7.760 thousand","Shenyang","5.090 thousand","37","http://dbpedia.org/resource/Shenyang"
"Germany","207","Kurt Gribl",,"Augsburg","263 thousand","n/r","http://dbpedia.org/resource/Augsburg"
"China","449","Huang Qifan","9.700 thousand","Chongqing","5.087 thousand","38","http://dbpedia.org/resource/Chongqing"
"Germany","208","Frank Baranowski",,"Gelsenkirchen","262 thousand","n/r","http://dbpedia.org/resource/Gelsenkirchen"
"Germany","209","Marcel Philipp","1.240 thousand","Aachen","259 thousand","n/r","http://dbpedia.org/resource/Aachen"
"Germany","690","Stephan Weil","1.130 thousand","Hannover","520 thousand","n/r","http://dbpedia.org/resource/Hanover"
"Vietnam","691","Nguyen The Thao","6.500 thousand","HANOI","1.372 thousand","270","http://dbpedia.org/resource/Hanoi"
"China","450","Zhang Xiaolian","9.874 thousand","Harbin","4.755 thousand","42","http://dbpedia.org/resource/Harbin"
"India","692","Sri Gopal Mukherjee",,"Haora","1.008 thousand","406","http://dbpedia.org/resource/Howrah"
"China","451","Ruan Chengfa","6.200 thousand","Wuhan","4.500 thousand","46","http://dbpedia.org/resource/Wuhan"
"India","693","Sri Gopal Mukherjee","1.020 thousand","Haora","1.008 thousand","407","http://dbpedia.org/resource/Howrah"
"Germany","210","Gert Hoffmann",,"Braunschweig","246 thousand","n/r","http://dbpedia.org/resource/Braunschweig"
"China","452","Ge Honglin","11.000 thousand","Chengdu","4.334 thousand","49","http://dbpedia.org/resource/Chengdu"
"Zimbabwe","694","Muchadeyi Masunda","2.800 thousand","HARARE","1.600 thousand","194","http://dbpedia.org/resource/Harare"
"Germany","211","Barbara Ludwig","1.082 thousand","Chemnitz","243 thousand","n/r","http://dbpedia.org/resource/Chemnitz"
"China","453","Xy Qin","8.616 thousand","Shenzhen","4.320 thousand","50","http://dbpedia.org/resource/Shenzhen"
"China","695","Zhang Xiaolian","9.874 thousand","Harbin","4.755 thousand","42","http://dbpedia.org/resource/Harbin"
"Germany","212","Gregor Kathstede",,"Krefeld","236 thousand","n/r","http://dbpedia.org/resource/Krefeld"
"China","454","Ji Jianye","7.600 thousand","Nanjing","4.150 thousand","51","http://dbpedia.org/resource/Nanjing"
"Cuba","696","Juan Contino Asl�n","3.700 thousand","HAVANA","2.430 thousand","116","http://dbpedia.org/resource/Havana"
"Germany","213","Dagmar Szabados",,"Halle","233 thousand","n/r","http://dbpedia.org/resource/Halle_(Saale)"
"China","455","Cui Jie","7.460 thousand","Changchun","3.581 thousand","65","http://dbpedia.org/resource/Changchun"
"China","697","n/k",,"Hechuan","1.530 thousand","207","http://dbpedia.org/resource/Hechuan_District"
"Germany","214","Lutz Tr�mper",,"Magdeburg","230 thousand","n/r","http://dbpedia.org/resource/Magdeburg"
"China","456","Yuan Zhou",,"Guiyang","3.450 thousand","67","http://dbpedia.org/resource/Guiyang"
"China","698","Wu Cunrong","4.867 thousand","Hefei","1.750 thousand","169","http://dbpedia.org/resource/Hefei"
"Germany","215","Dieter Salomon",,"Freiburg","220 thousand","n/r","http://dbpedia.org/resource/Freiburg_im_Breisgau"
"China","457","Cai Qi","6.776 thousand","Hangzhou","3.408 thousand","69","http://dbpedia.org/resource/Hangzhou"
"Finland","699","Jussi Pajunen","1.311 thousand","HELSINKI","583 thousand","577","http://dbpedia.org/resource/Helsinki"
"Germany","216","Klaus Wehling",,"Oberhausen","216 thousand","n/r","http://dbpedia.org/resource/Oberhausen"
"China","458","Zhang Zulin","6.800 thousand","Kunming","3.100 thousand","76","http://dbpedia.org/resource/Kunming"
"Germany","217","Bernd Saxe",,"L�beck","211 thousand","n/r","http://dbpedia.org/resource/L%C3%BCbeck"
"China","459","Liu Huiyan","4.200 thousand","Zibo","2.850 thousand","83","http://dbpedia.org/resource/Zibo"
"Germany","218","Andreas Bausewein",,"Erfurt","203 thousand","n/r","http://dbpedia.org/resource/Erfurt"
"Germany","219","Roland Methling",,"Rostock","201 thousand","n/r","http://dbpedia.org/resource/Rostock"
"China","460","Sun Zhaolin",,"Huludao","2.787 thousand","86","http://dbpedia.org/resource/Huludao"
"China","461","Xia Geng","7.580 thousand","Qingdao","2.755 thousand","88","http://dbpedia.org/resource/Qingdao"
"Ghana","220","Alfred Vanderpuije","2.756 thousand","ACCRA","1.605 thousand","192","http://dbpedia.org/resource/Accra"
"China","462","Zhang Jiangfei","6.140 thousand","Changsha","2.744 thousand","89","http://dbpedia.org/resource/Changsha"
"Ghana","221","Samuel Sarpong","2.500 thousand","Kumasi","1.500 thousand","216","http://dbpedia.org/resource/Kumasi"
"China","463","Yuan Rongxiang","6.630 thousand","Fuzhou (Fujian)","2.710 thousand","91","http://dbpedia.org/resource/Fuzhou"
"Greece","222","Giorgos Kaminis","3.216 thousand","ATHENS","757 thousand","518","http://dbpedia.org/resource/Athens"
"China","464","Chen Baogen","4.480 thousand","Xian","2.670 thousand","93","http://dbpedia.org/resource/Xi'an"
"Greece","223","Vasilis Papageorgopoulos","798 thousand","Thessaloniki","407 thousand","n/r","http://dbpedia.org/resource/Thessaloniki"
"China","465","Ai Wenli","9.600 thousand","Shijiazhuang","2.630 thousand","97","http://dbpedia.org/resource/Shijiazhuang"
"Guatemala","224","Alvaro Arz�","2.564 thousand","GUATEMALA CITY","1.090 thousand","372","http://dbpedia.org/resource/Guatemala_City"
"China","466","Zhao Jiancai","4.510 thousand","Zhengzhou","2.600 thousand","99","http://dbpedia.org/resource/Zhengzhou"
"Guinea","225","Mamadou Wasco Camara",,"CONAKRY","1.931 thousand","145","http://dbpedia.org/resource/Conakry"
"China","467","Zhang Bingsheng","3.400 thousand","Taiyuan","2.550 thousand","103","http://dbpedia.org/resource/Taiyuan"
"Haiti","226","Jean Yves Jason","1.728 thousand","PORT-AU-PRINCE","1.083 thousand","376","http://dbpedia.org/resource/Port-au-Prince"
"China","468","Xiong Qinghua",,"Baoshan","2.500 thousand","109","http://dbpedia.org/resource/Baoshan._Yunnan"
"Honduras","227","Ricardo Alvarez","1.324 thousand","Tegucigalpa","1.200 thousand","326","http://dbpedia.org/resource/Tegucigalpa"
"China","469","n/k",,"Zhongshan","2.495 thousand","111","http://dbpedia.org/resource/Zhongshan"
"Hungary","228","Istv�n Tarl�s","2.503 thousand","BUDAPEST","1.712 thousand","175","http://dbpedia.org/resource/Budapest"
"India","229","Shraddha Jadhav","21.200 thousand","Mumbai (Bombay)","13.900 thousand","3","http://dbpedia.org/resource/Mumbai"
"China","470","Liu Cigui",,"Xiamen","2.490 thousand","112","http://dbpedia.org/resource/Xiamen"
"China","471","Zhang Tiemin",,"Chaoyang","2.471 thousand","113","http://dbpedia.org/resource/Chaoyang._Liaoning"
"India","230","Kanwar Sain","16.713 thousand","DELHI","12.100 thousand","5","http://dbpedia.org/resource/New_Delhi"
"China","472","Huang Fangfang","6.480 thousand","Nanning","2.450 thousand","115","http://dbpedia.org/resource/Nanning"
"India","231","SK Nataraj","6.562 thousand","Bangalore","5.840 thousand","33","http://dbpedia.org/resource/Bangalore"
"China","473","Yan Li","6.298 thousand","Suzhou","2.383 thousand","119","http://dbpedia.org/resource/Suzhou"
"India","232","Rajendra Desai","6.347 thousand","Surat","5.390 thousand","34","http://dbpedia.org/resource/Surat"
"China","474","Lian Chengmin","10.080 thousand","Linyi","2.300 thousand","123","http://dbpedia.org/resource/Linyi"
"India","233","Bikash Ranjan Bhattacharya","15.420 thousand","Kolkata","5.100 thousand","36","http://dbpedia.org/resource/Kolkata"
"China","475","Li Wancai","3.478 thousand","Dalian","2.270 thousand","124","http://dbpedia.org/resource/Dalian"
"India","234","M Subramaniam","7.330 thousand","Chennai","4.600 thousand","44","http://dbpedia.org/resource/Chennai"
"China","476","Mao Guanglie","5.600 thousand","Ningbo","2.201 thousand","130","http://dbpedia.org/resource/Ningbo"
"India","235","Kanaji Thakor","6.168 thousand","Ahmadabad","4.525 thousand","45","http://dbpedia.org/resource/Ahmedabad"
"China","477","Zhang Jinliang","3.300 thousand","Lanzhou","2.088 thousand","135","http://dbpedia.org/resource/Lanzhou"
"India","236","Banda Karthika Reddy","6.290 thousand","Hyderabad","3.637 thousand","60","http://dbpedia.org/resource/Hyderabad._Sindh"
"China","478","Wang Weicheng","3.570 thousand","Changzhou","2.086 thousand","136","http://dbpedia.org/resource/Changzhou"
"India","237","Mohansingh Rajpal","4.470 thousand","Pune","3.337 thousand","71","http://dbpedia.org/resource/Pune"
"China","479","Wong Kwok-keung","2.200 thousand","Kowloon","2.020 thousand","139","http://dbpedia.org/resource/Kowloon"
"India","238","Ravindra Patani","4.865 thousand","Kanpur","3.100 thousand","75","http://dbpedia.org/resource/Kanpur"
"India","239","Jyoti Khandelwal","5.690 thousand","Jaipur","3.050 thousand","78","http://dbpedia.org/resource/Jaipur"
"China","480","Zhang Guodong","7.100 thousand","Tangshan","1.980 thousand","142","http://dbpedia.org/resource/Tangshan"
"China","481","Zhang Xiaopei","4.523 thousand","Jilin","1.953 thousand","143","http://dbpedia.org/resource/Siping._Jilin"
"India","240","Dr Shiv Kumar Tamer",,"Durg","2.810 thousand","85","http://dbpedia.org/resource/Bhilai"
"China","482","Liu Hongjian","7.300 thousand","Nanchong","1.950 thousand","144","http://dbpedia.org/resource/Nanchong"
"India","241","Archana Dehankar",,"Nagpur","2.420 thousand","117","http://dbpedia.org/resource/Nagpur"
"China","483","Zhang Jianguo","2.444 thousand","Jinan","1.900 thousand","149","http://dbpedia.org/resource/Jinan"
"India","242","Dinesh Sharma","2.686 thousand","Lucknow","2.342 thousand","121","http://dbpedia.org/resource/Lucknow"
"China","484","n/k",,"Macheng","1.880 thousand","152","http://dbpedia.org/resource/Macheng"
"India","243","Krishna Murari Moghe","1.920 thousand","Indore","1.912 thousand","147","http://dbpedia.org/resource/Indore"
"China","485","Hu Xian","3.790 thousand","Nanchang","1.844 thousand","154","http://dbpedia.org/resource/Nanchang"
"India","244","GhanShyam Kumar","2.500 thousand","Patna","1.800 thousand","160","http://dbpedia.org/resource/Patna"
"China","486","Cao Xinping","9.410 thousand","Xuzhou","1.830 thousand","156","http://dbpedia.org/resource/Xuzhou"
"India","245","Anjula Singh Mahaur","1.800 thousand","Agra","1.650 thousand","184","http://dbpedia.org/resource/Agra"
"China","487","Ma Yi","2.700 thousand","Huzhou","1.800 thousand","159","http://dbpedia.org/resource/Huzhou"
"India","246","Nayana Gholap",,"Nashik","1.620 thousand","190","http://dbpedia.org/resource/Nashik"
"China","488","Tang Chengpei","5.600 thousand","Suzhou Anhui","1.800 thousand","161","http://dbpedia.org/resource/Suzhou._Anhui"
"India","247","Yogesh Behl",,"Pimpri Chinchwad","1.515 thousand","213","http://dbpedia.org/resource/Pimpri-Chinchwad"
"China","489","Jerla Isamudin","2.680 thousand","Urumqi","1.800 thousand","162","http://dbpedia.org/resource/%C3%9Cr%C3%BCmqi"
"India","248","Balakrishna Shukla","3.642 thousand","Vadodara","1.500 thousand","219","http://dbpedia.org/resource/Vadodara"
"India","249","Krishna Gaur","1.600 thousand","Bhopal","1.458 thousand","231","http://dbpedia.org/resource/Bhopal"
"China","490","Zhang Jiangting","6.500 thousand","Yantai","1.800 thousand","163","http://dbpedia.org/resource/Yantai"
"China","491","n/k",,"Tianmen","1.790 thousand","165","http://dbpedia.org/resource/Tianmen"
"India","250","n/k","4.400 thousand","Ludhiana","1.400 thousand","256","http://dbpedia.org/resource/Ludhiana"
"China","492","Cai Zong Ze","4.972 thousand","Shantou","1.770 thousand","167","http://dbpedia.org/resource/Shantou"
"India","251","Ashjok Vaity",,"Thane","1.375 thousand","268","http://dbpedia.org/resource/Thane"
"China","493","Wu Cunrong","4.867 thousand","Hefei","1.750 thousand","169","http://dbpedia.org/resource/Hefei"
"India","252","Kaushalendra Singh","3.150 thousand","Varanasi","1.375 thousand","269","http://dbpedia.org/resource/Varanasi"
"China","494","Du Yongguang",,"Tengzhou","1.750 thousand","170","http://dbpedia.org/resource/Tengzhou"
"India","253","Sandhya Vyas",,"Rajkot","1.336 thousand","283","http://dbpedia.org/resource/Rajkot"
"China","495","Mao Xiaoping","2.230 thousand","Wuxi","1.750 thousand","171","http://dbpedia.org/resource/Wuxi"
"India","254","Rama Khalkho",,"Ranchi","1.290 thousand","298","http://dbpedia.org/resource/Ranchi"
"China","496","Sun Yunfei",,"Fuyang","1.720 thousand","174","http://dbpedia.org/resource/Fuyang"
"India","255","n/k",,"Meerut","1.277 thousand","306","http://dbpedia.org/resource/Meerut"
"China","497","Li Hongyun",,"Suizhou","1.680 thousand","181","http://dbpedia.org/resource/Suizhou"
"India","256","Jitendr Nath Singh","1.250 thousand","Allahabad","1.215 thousand","320","http://dbpedia.org/resource/Allahabad"
"China","498","n/k",,"Gaozhou","1.650 thousand","185","http://dbpedia.org/resource/Gaozhou"
"India","257","Shawet Malik","1.300 thousand","Amritsar","1.195 thousand","329","http://dbpedia.org/resource/Amritsar"
"China","499","Li Hongfeng","5.500 thousand","Taian","1.650 thousand","186","http://dbpedia.org/resource/Tai'an"
"India","258","Vijaya Rahatkar",,"Aurangabad","1.168 thousand","339","http://dbpedia.org/resource/Aurangabad._Maharashtra"
"India","259","Aruna Vakase",,"Solapur","1.134 thousand","351","http://dbpedia.org/resource/Solapur"
"India","260","Thenmozhi Gopinathan",,"Madurai","1.130 thousand","355","http://dbpedia.org/resource/Madurai"
"India","261","Prabhat Sahu","1.150 thousand","Jabalpur","1.117 thousand","358","http://dbpedia.org/resource/Jabalpur"
"India","262","n/k","1.095 thousand","Mirat","1.095 thousand","370","http://dbpedia.org/resource/Meerut"
"India","263","n/k","1.200 thousand","Dhanbad","1.065 thousand","383","http://dbpedia.org/resource/Dhanbad"
"India","264","n/k","2.193 thousand","Faridabad","1.055 thousand","387","http://dbpedia.org/resource/Faridabad"
"India","265","Sri Gopal Mukherjee",,"Haora","1.008 thousand","406","http://dbpedia.org/resource/Howrah"
"India","266","Sri Gopal Mukherjee","1.020 thousand","Haora","1.008 thousand","407","http://dbpedia.org/resource/Howrah"
"India","267","Om Kumari Gehlot",,"Jodhpur","1.007 thousand","408","http://dbpedia.org/resource/Jodhpur"
"India","268","Damyanti Goel",,"Ghaziabad","970 thousand","420","http://dbpedia.org/resource/Ghaziabad._Uttar_Pradesh"
"India","269","B N Vishnu","1.330 thousand","Visakhapatnam","970 thousand","421","http://dbpedia.org/resource/Visakhapatnam"
"India","270","Ratna Bindu","1.150 thousand","Vijayawada","957 thousand","428","http://dbpedia.org/resource/Vijayawada"
"India","271","R.Venkatachalam","1.446 thousand","Coimbatore","931 thousand","433","http://dbpedia.org/resource/Coimbatore"
"India","272","Salman Sagar","1.050 thousand","Srinagar","915 thousand","440","http://dbpedia.org/resource/Srinagar"
"India","273","n/k",,"Chandigarh","901 thousand","449","http://dbpedia.org/resource/Chandigarh"
"India","274","n/k","890 thousand","Sholapur","890 thousand","455","http://dbpedia.org/resource/Solapur"
"India","275","C Jayan Babu","955 thousand","Thiruvananthapuram","810 thousand","488","http://dbpedia.org/resource/Thiruvananthapuram"
"India","276","Dolly Borah","820 thousand","Guwahati","808 thousand","492","http://dbpedia.org/resource/Guwahati"
"India","277","n/k","801 thousand","Hubli","801 thousand","498","http://dbpedia.org/resource/Hubli"
"India","278","Purushotham",,"Mysore","799 thousand","501","http://dbpedia.org/resource/Mysore"
"India","279","n/k","863 thousand","Tiruchchirappalli","760 thousand","517","http://dbpedia.org/resource/Tiruchirappalli"
"India","280","n/k","764 thousand","Jalandhar","714 thousand","532","http://dbpedia.org/resource/Jalandhar"
"India","281","Sameeksha Gupta","866 thousand","Gwalior","690 thousand","542","http://dbpedia.org/resource/Gwalior"
"India","282","n/k","1.116 thousand","Aligarh","680 thousand","549","http://dbpedia.org/resource/Aligarh._Uttar_Pradesh"
"India","283","n/k","1.031 thousand","Amravati","678 thousand","552","http://dbpedia.org/resource/Amravati"
"India","284","n/k","1.455 thousand","Bhubaneswar","659 thousand","559","http://dbpedia.org/resource/Bhubaneswar"
"India","285","n/k","1.135 thousand","Jamshedpur","630 thousand","563","http://dbpedia.org/resource/Jamshedpur"
"India","286","n/k","942 thousand","Bhilai","564 thousand","583","http://dbpedia.org/resource/Bhilai"
"India","287","M. Bhaskaran",,"Kozhikode","437 thousand","n/r","http://dbpedia.org/resource/Kozhikode"
"Indonesia","288","Fauzi Bowo","24.100 thousand","JAKARTA","10.100 thousand","11","http://dbpedia.org/resource/Jakarta"
"Indonesia","289","Bambang D H","3.700 thousand","Surabaya","3.100 thousand","77","http://dbpedia.org/resource/Surabaya"
"Indonesia","290","Dada Rosada","3.829 thousand","Bandung","2.510 thousand","106","http://dbpedia.org/resource/Bandung"
"Indonesia","291","Rahudman Harahap","2.390 thousand","Medan","1.990 thousand","141","http://dbpedia.org/resource/Medan"
"Indonesia","292","Eddy Santana Putra",,"Palembang","1.600 thousand","195","http://dbpedia.org/resource/Palembang"
"Indonesia","293","Wahidin Halim",,"Tangerang","1.545 thousand","203","http://dbpedia.org/resource/Tangerang"
"Indonesia","294","Soemarmo HS","1.400 thousand","Semarang","1.393 thousand","259","http://dbpedia.org/resource/Semarang"
"Indonesia","295","n/k","1.254 thousand","Ujung Pandang","1.170 thousand","338","http://dbpedia.org/resource/Makassar"
"Indonesia","296","Ilham Arief Sirajuddin",,"Makasar","1.113 thousand","360","http://dbpedia.org/resource/Makassar"
"Indonesia","297","Diani Budiarto",,"Bogor","866 thousand","460","http://dbpedia.org/resource/Bogor"
"Indonesia","298","Fauzi Bahar","900 thousand","Padang","820 thousand","481","http://dbpedia.org/resource/Padang"
"Indonesia","299","n/k","1.123 thousand","Bandar Lampung","743 thousand","522","http://dbpedia.org/resource/Bandar_Lampung"
"China","700","n/k","7.000 thousand","Hengyang","880 thousand","456","http://dbpedia.org/resource/Hengyang"
"China","701","n/k","799 thousand","Hengyang","561 thousand","584","http://dbpedia.org/resource/Hengyang"
"China","702","Du Changwen",,"Heze","1.280 thousand","303","http://dbpedia.org/resource/Heze"
"China","703","n/k","2.090 thousand","Hezhou","990 thousand","415","http://dbpedia.org/resource/Linxia_City"
"Syria","704","Nadia Kseibi",,"Hims","823 thousand","476","http://dbpedia.org/resource/Homs"
"Japan","705","Tadatoshi Akiba","1.700 thousand","Hiroshima","1.174 thousand","336","http://dbpedia.org/resource/Hiroshima"
"Vietnam","706","Pham Phuong Thao",,"Ho Chi Minh City","7.100 thousand","26","http://dbpedia.org/resource/Ho_Chi_Minh_City"
"China","707","n/k","1.041 thousand","Hohhot","820 thousand","480","http://dbpedia.org/resource/Hohhot"
"China","708","Donald Tsang",,"Hong Kong","7.055 thousand","27","http://dbpedia.org/resource/Hong_Kong"
"China","709","n/k",,"Honghu","880 thousand","457","http://dbpedia.org/resource/Honghu"
"USA","710","Peter Carlisle","894 thousand","Honolulu","370 thousand","n/r","http://dbpedia.org/resource/Honolulu_County._Hawaii"
"USA","711","Annise Parker","5.728 thousand","Houston","2.242 thousand","126","http://dbpedia.org/resource/Houston"
"China","712","Cao Yong",,"Huainan","1.201 thousand","321","http://dbpedia.org/resource/Huainan"
"China","713","n/k",,"Huazhou","1.420 thousand","246","http://dbpedia.org/resource/Huazhou._Guangdong"
"India","714","n/k","801 thousand","Hubli","801 thousand","498","http://dbpedia.org/resource/Hubli"
"China","715","Sun Zhaolin",,"Huludao","2.787 thousand","86","http://dbpedia.org/resource/Huludao"
"China","716","Ma Yi","2.700 thousand","Huzhou","1.800 thousand","159","http://dbpedia.org/resource/Huzhou"
"India","717","Banda Karthika Reddy","6.290 thousand","Hyderabad","3.637 thousand","60","http://dbpedia.org/resource/Hyderabad._Sindh"
"Pakistan","718","Kanwar Naveed Jamil","1.500 thousand","Hyderabad","1.447 thousand","237","http://dbpedia.org/resource/Hyderabad._Sindh"
"Nigeria","719","Adebayo Alao-Akala","3.000 thousand","Ibadan","2.550 thousand","102","http://dbpedia.org/resource/Ibadan"
"South Korea","720","Song Young-gil","2.630 thousand","Incheon","2.630 thousand","96","http://dbpedia.org/resource/Incheon"
"USA","721","Gregory A. Ballard","1.715 thousand","Indianapolis","798 thousand","502","http://dbpedia.org/resource/Indianapolis"
"India","722","Krishna Murari Moghe","1.920 thousand","Indore","1.912 thousand","147","http://dbpedia.org/resource/Indore"
"Iraq","723","n/k","1.5000 thousand","Irbil","1.294 thousand","295","http://dbpedia.org/resource/Erbil"
"Turkey","724","Kadir Topbas","12.600 thousand","Istanbul","9.560 thousand","12","http://dbpedia.org/resource/Istanbul"
"Turkey","725","Aziz Kocaoglu","3.200 thousand","Izmir","2.330 thousand","122","http://dbpedia.org/resource/%C4%B0zmir"
"India","726","Prabhat Sahu","1.150 thousand","Jabalpur","1.117 thousand","358","http://dbpedia.org/resource/Jabalpur"
"USA","727","John Peyton","1.300 thousand","Jacksonville","808 thousand","493","http://dbpedia.org/resource/Jacksonville._Florida"
"India","728","Jyoti Khandelwal","5.690 thousand","Jaipur","3.050 thousand","78","http://dbpedia.org/resource/Jaipur"
"Indonesia","729","Fauzi Bowo","24.100 thousand","JAKARTA","10.100 thousand","11","http://dbpedia.org/resource/Jakarta"
"India","730","n/k","764 thousand","Jalandhar","714 thousand","532","http://dbpedia.org/resource/Jalandhar"
"India","731","n/k","1.135 thousand","Jamshedpur","630 thousand","563","http://dbpedia.org/resource/Jamshedpur"
"Saudi Arabia","732","Adil Faqeeh","4.500 thousand","Jeddah","3.856 thousand","54","http://dbpedia.org/resource/Jeddah"
"Israel","733","Nir Barkat Nazareth","1.029 thousand","Jerusalem","764 thousand","514","http://dbpedia.org/resource/Jerusalem"
"China","734","n/k",,"Jiangdu","1.053 thousand","388","http://dbpedia.org/resource/Jiangdu_District"
"China","735","n/k",,"Jianyang","1.430 thousand","241","http://dbpedia.org/resource/Jianyang._Fujian"
"China","736","Zhang Xiaopei","4.523 thousand","Jilin","1.953 thousand","143","http://dbpedia.org/resource/Siping._Jilin"
"China","737","n/k",,"Jimo","1.112 thousand","361","http://dbpedia.org/resource/Jupiter_Icy_Moons_Orbiter"
"China","738","Zhang Jianguo","2.444 thousand","Jinan","1.900 thousand","149","http://dbpedia.org/resource/Jinan"
"China","739","Zhang Zhen Chuan",,"Jining","1.110 thousand","362","http://dbpedia.org/resource/Jining"
"China","740","Kenneth Li",,"Jinjiang","1.350 thousand","277","http://dbpedia.org/resource/Jinjiang._Fujian"
"China","741","n/k","902 thousand","Jinzhou","690 thousand","543","http://dbpedia.org/resource/Jinzhou"
"China","500","Li Wenqing","3.450 thousand","Tianshui","1.630 thousand","188","http://dbpedia.org/resource/Tianshui"
"China","742","Zhu. Deyi","1.960 thousand","Jixi","760 thousand","516","http://dbpedia.org/resource/Jixi"
"China","501","Tao Minglun","8.220 thousand","Shangqiu","1.610 thousand","191","http://dbpedia.org/resource/Shangqiu"
"Brazil","743","Ricardo Coutinho","984 thousand","Joao Pessoa","702 thousand","538","http://dbpedia.org/resource/Jo%C3%A3o_Pessoa._Para%C3%ADba"
"China","502","n/k",,"Neijiang","1.560 thousand","201","http://dbpedia.org/resource/Neijiang"
"India","744","Om Kumari Gehlot",,"Jodhpur","1.007 thousand","408","http://dbpedia.org/resource/Jodhpur"
"China","503","n/k",,"Hechuan","1.530 thousand","207","http://dbpedia.org/resource/Hechuan_District"
"South Africa","745","Amos Masondo","10.268 thousand","Johannesburg","3.888 thousand","53","http://dbpedia.org/resource/Johannesburg"
"China","504","Wu Weirong","5.741 thousand","Taizhou","1.528 thousand","210","http://dbpedia.org/resource/Taizhou._Zhejiang"
"Afghanistan","746","Mohammad Yunus Noandesh","4.000 thousand","KABUL","3.586 thousand","64","http://dbpedia.org/resource/Kabul"
"China","505","n/k","4.400 thousand","Guigang","1.500 thousand","215","http://dbpedia.org/resource/Guigang"
"Nigeria","747","Mohammed Namadi Sambo","1.500 thousand","Kaduna","1.460 thousand","229","http://dbpedia.org/resource/Kaduna"
"China","506","Guo Hongchang","1.499 thousand","Luoyang","1.500 thousand","217","http://dbpedia.org/resource/Luoyang"
"China","748","n/k","855 thousand","Kaifeng","584 thousand","574","http://dbpedia.org/resource/Kaifeng"
"China","507","Zhu Ming","7.790 thousand","Quanzhou","1.490 thousand","220","http://dbpedia.org/resource/Quanzhou"
"Uganda","749","Nasser Sebaggala","1.600 thousand","KAMPALA","1.420 thousand","247","http://dbpedia.org/resource/Kampala"
"China","508","Chen Law",,"Nanan","1.480 thousand","224","http://dbpedia.org/page/Nan%27an._Fujian"
"China","509","Liu Daqun",,"Xintai","1.480 thousand","223","http://dbpedia.org/resource/Xintai"
"Nigeria","750","Ibrahim Shekarau","3.900 thousand","Kano","3.626 thousand","62","http://dbpedia.org/resource/Kano"
"India","751","Ravindra Patani","4.865 thousand","Kanpur","3.100 thousand","75","http://dbpedia.org/resource/Kanpur"
"China","510","Guo Ruimin",,"Xinyang","1.460 thousand","230","http://dbpedia.org/resource/Xinyang"
"USA","752","Mark Funkhouser","2.050 thousand","Kansas City","480 thousand","n/r","http://dbpedia.org/resource/Kansas_City._Missouri"
"China","511","Ding Dawei",,"Rugao","1.453 thousand","232","http://dbpedia.org/resource/Rugao"
"Taiwan","753","Chen Chu","2.960 thousand","Kaohsiung","1.530 thousand","208","http://dbpedia.org/resource/Kaohsiung"
"China","512","Zhang Xiaodong","3.000 thousand","Anyang","1.450 thousand","233","http://dbpedia.org/resource/Anyang"
"Pakistan","754","Fazlur Rehman","18.000 thousand","Karachi","15.500 thousand","1","http://dbpedia.org/resource/Karachi"
"China","513","Xu Liquan","8.500 thousand","Weifang","1.450 thousand","235","http://dbpedia.org/resource/Weifang"
"Iran","755","n/k",,"Karaj","1.380 thousand","264","http://dbpedia.org/resource/Karaj"
"China","514","Ruan Risheng","6.900 thousand","Zhanjiang","1.450 thousand","236","http://dbpedia.org/resource/Zhanjiang"
"Germany","756","Heinz Fenrich",,"Karlsruhe","291 thousand","n/r","http://dbpedia.org/resource/Karlsruhe"
"China","515","Wang Yang","2.300 thousand","Fushun","1.445 thousand","238","http://dbpedia.org/resource/Fushun"
"Nepal","757","n/k","1.700 thousand","KATHMANDU","949 thousand","430","http://dbpedia.org/resource/Kathmandu"
"China","516","Liu Gang","6.011 thousand","Qiqihaer","1.439 thousand","240","http://dbpedia.org/resource/Qiqihar"
"Poland","758","Piotr Uszok","2.746 thousand","Katowice","340 thousand","n/r","http://dbpedia.org/resource/Katowice"
"China","517","n/k",,"Jianyang","1.430 thousand","241","http://dbpedia.org/resource/Jianyang._Fujian"
"Japan","759","Takao Abe","1.450 thousand","Kawasaki","1.390 thousand","261","http://dbpedia.org/resource/Kawasaki._Kanagawa"
"China","518","n/k",,"Guiping","1.420 thousand","245","http://dbpedia.org/resource/Guiping"
"China","519","n/k",,"Huazhou","1.420 thousand","246","http://dbpedia.org/resource/Huazhou._Guangdong"
"Russia","760","lsur Metshin","1.300 thousand","Kazan","1.115 thousand","359","http://dbpedia.org/resource/Kazan"
"Iran","761","n/k","966 thousand","Kermanshah","823 thousand","477","http://dbpedia.org/resource/Kermanshah"
"China","520","Chen Wenhao","6.000 thousand","Changde","1.400 thousand","254","http://dbpedia.org/resource/Changde"
"Ukraine","762","Mykhailo Dobkin","1.674 thousand","Kharkiv","1.461 thousand","228","http://dbpedia.org/resource/Kharkiv"
"China","521","Ding Dawei",,"Tongzhou","1.400 thousand","257","http://dbpedia.org/resource/Tongzhou_District._Beijing"
"Sudan","763","Abdul Rahman Alkheder","7.500 thousand","KHARTOUM","2.208 thousand","129","http://dbpedia.org/resource/Khartoum_North"
"China","522","Guo Dajian","8.500 thousand","Handan","1.390 thousand","260","http://dbpedia.org/resource/Handan"
"Bangladesh","764","Talukder Abdul Khaleque","1.388 thousand","Khulna","856 thousand","463","http://dbpedia.org/resource/Khulna"
"China","523","n/k","3.500 thousand","Suining","1.385 thousand","262","http://dbpedia.org/resource/Suining"
"Ukraine","765","Alexander Popov","3.300 thousand","KIEV","2.820 thousand","84","http://dbpedia.org/resource/Kiev"
"China","524","Liang Zhong",,"Liuyang","1.380 thousand","265","http://dbpedia.org/resource/Liuyang"
"Jamaica","766","n/k","925 thousand","KINGSTON","650 thousand","562","http://dbpedia.org/resource/Kingston._Jamaica"
"China","525","Liu Guoqiang","4.800 thousand","Luzhou","1.380 thousand","266","http://dbpedia.org/resource/Hefei"
"Congo D.R.","767","Andr� Kimbuta Yango","10.100 thousand","KINSHASA","8.200 thousand","18","http://dbpedia.org/resource/Kinshasa"
"China","526","Gao Yazi",,"Taixing","1.355 thousand","274","http://dbpedia.org/resource/Taixing"
"Congo D.R.","768","n/k","818 thousand","Kisangani","510 thousand","n/r","http://dbpedia.org/resource/Kisangani"
"China","527","Liu Jian",,"Bozhou","1.352 thousand","275","http://dbpedia.org/resource/Liaocheng"
"Japan","769","Kenji Kitahashi","1.050 thousand","Kitakyushu","985 thousand","418","http://dbpedia.org/resource/Kitakyushu"
"China","528","Kenneth Li",,"Jinjiang","1.350 thousand","277","http://dbpedia.org/resource/Jinjiang._Fujian"
"China","529","n/k",,"Lufeng","1.350 thousand","278","http://dbpedia.org/resource/Lufeng._Guangdong"
"Zambia","770","n/k","786 thousand","Kitwe","548 thousand","589","http://dbpedia.org/resource/Kitwe"
"Japan","771","Tatsuo Yada","1.560 thousand","Kobe","1.534 thousand","206","http://dbpedia.org/resource/Kobe"
"China","530","n/k",,"Yongcheng","1.347 thousand","279","http://dbpedia.org/resource/Yongcheng"
"India","772","Bikash Ranjan Bhattacharya","15.420 thousand","Kolkata","5.100 thousand","36","http://dbpedia.org/resource/Kolkata"
"China","531","Li Zhigang",,"Guilin","1.340 thousand","280","http://dbpedia.org/resource/Guilin"
"Congo D.R.","773","n/k","803 thousand","Kolwezi","803 thousand","497","http://dbpedia.org/resource/Kolwezi"
"China","532","n/k",,"Pingdu","1.340 thousand","281","http://dbpedia.org/resource/Pingdu"
"China","774","Wong Kwok-keung","2.200 thousand","Kowloon","2.020 thousand","139","http://dbpedia.org/resource/Kowloon"
"China","533","Hu Ercha","1.750 thousand","Baotou","1.318 thousand","287","http://dbpedia.org/resource/Baotou"
"India","775","M. Bhaskaran",,"Kozhikode","437 thousand","n/r","http://dbpedia.org/resource/Kozhikode"
"China","534","Xing Taian",,"Lianjiang","1.300 thousand","290","http://dbpedia.org/resource/Lianjiang._Guangdong"
"Poland","776","Jacek Majchrowski","1.250 thousand","Krakow","755 thousand","519","http://dbpedia.org/resource/Krak%C3%B3w"
"China","535","Liu Dong","5.200 thousand","Mianyang","1.300 thousand","292","http://dbpedia.org/resource/Mianyang"
"Russia","777","Vladimir Yevlanov","780 thousand","Krasnodar","710 thousand","534","http://dbpedia.org/resource/Krasnodar"
"China","536","n/k","4.500 thousand","Yiyang","1.300 thousand","293","http://dbpedia.org/resource/Yiyang"
"Russia","778","Pyotr Pimashkov","950 thousand","Krasnoyarsk","920 thousand","439","http://dbpedia.org/resource/Krasnoyarsk"
"China","537","n/k","2.404 thousand","Anshan","1.290 thousand","297","http://dbpedia.org/resource/Anshan"
"Germany","779","Gregor Kathstede",,"Krefeld","236 thousand","n/r","http://dbpedia.org/resource/Krefeld"
"China","538","Zhao Xiaowei",,"Rizhao","1.290 thousand","299","http://dbpedia.org/resource/Rizhao"
"China","539","Du Changwen",,"Heze","1.280 thousand","303","http://dbpedia.org/resource/Heze"
"Malaysia","780","Dato Ahmed Fuad Ismail","5.470 thousand","KUALA LUMPUR","1.810 thousand","157","http://dbpedia.org/resource/Kuala_Lumpur"
"Ghana","781","Samuel Sarpong","2.500 thousand","Kumasi","1.500 thousand","216","http://dbpedia.org/resource/Kumasi"
"China","540","n/k","1.377 thousand","Datong","1.253 thousand","308","http://dbpedia.org/resource/Datong"
"China","782","Zhang Zulin","6.800 thousand","Kunming","3.100 thousand","76","http://dbpedia.org/resource/Kunming"
"China","541","n/k",,"Fengcheng","1.250 thousand","310","http://dbpedia.org/resource/Fengcheng._Liaoning"
"Kuwait","783","n/k","2.380 thousand","KUWAIT CITY","96 thousand","n/r","http://dbpedia.org/resource/Kuwait_City"
"Indonesia","300","n/k","921 thousand","Malang","742 thousand","523","http://dbpedia.org/resource/Malang"
"China","542","n/k",,"Ruian","1.250 thousand","311","http://dbpedia.org/resource/Rui'an"
"Japan","784","Daisaku Kadokawa","1.500 thousand","Kyoto","1.466 thousand","227","http://dbpedia.org/resource/Kyoto"
"Indonesia","301","n/k","857 thousand","Surakarta","533 thousand","600","http://dbpedia.org/resource/Surakarta"
"China","543","Ma Pingchang",,"Laiwu","1.249 thousand","312","http://dbpedia.org/resource/Laiwu"
"Argentina","785","n/k",,"La Matanza","1.255 thousand","307","http://dbpedia.org/resource/La_Matanza_Partido"
"Indonesia","302","n/k","934 thousand","Denpasar","491 thousand","n/r","http://dbpedia.org/resource/Denpasar"
"China","544","Deng Yongjian","5.200 thousand","Pingdingshan","1.230 thousand","316","http://dbpedia.org/resource/Pingdingshan"
"Bolivia","786","Luis Antonio Revilla Herrero","1.551 thousand","LA PAZ","1.517 thousand","212","http://dbpedia.org/resource/La_Paz"
"Indonesia","303","n/k","840 thousand","Yogyakarta","417 thousand","n/r","http://dbpedia.org/resource/Yogyakarta"
"China","545","n/k",,"Yuzhou","1.230 thousand","317","http://dbpedia.org/resource/Yuzhou._Henan"
"Argentina","787","Pablo Bruera","833 thousand","La Plata","710 thousand","535","http://dbpedia.org/resource/La_Plata"
"Indonesia","304","n/k","1.081 thousand","Mataram","330 thousand","n/r","http://dbpedia.org/resource/Mataram_(city)"
"China","546","n/k",,"Cixi","1.220 thousand","319","http://dbpedia.org/resource/Cixi_City"
"Nigeria","788","n/k","9.123 thousand","Lagos","7.938 thousand","20","http://dbpedia.org/resource/Lagos"
"Indonesia","305","n/k","926 thousand","Cirebon","319 thousand","n/r","http://dbpedia.org/resource/Cirebon"
"China","547","Cao Yong",,"Huainan","1.201 thousand","321","http://dbpedia.org/resource/Huainan"
"Pakistan","789","Mian Amir Mahmood","8.600 thousand","Lahore","6.100 thousand","30","http://dbpedia.org/resource/Lahore"
"Indonesia","306","n/k","784 thousand","Tegal","238 thousand","n/r","http://dbpedia.org/resource/Tegal._Central_Java"
"China","548","n/k",,"Anqiu","1.200 thousand","322","http://dbpedia.org/resource/Anqiu"
"Iran","307","Mohammad Bagher Ghalibaf","13.450 thousand","TEHRAN","8.430 thousand","16","http://dbpedia.org/resource/Tehran"
"China","549","n/k",,"Fuqing","1.200 thousand","323","http://dbpedia.org/resource/Fuqing"
"Iran","308","Mohammad Pejman","3.000 thousand","Mashhad","2.910 thousand","81","http://dbpedia.org/resource/Mashhad"
"Iran","309","Morteza Saqaeian Nejad","2.600 thousand","Esfahan","1.584 thousand","197","http://dbpedia.org/resource/Isfahan"
"China","790","Ma Pingchang",,"Laiwu","1.249 thousand","312","http://dbpedia.org/resource/Laiwu"
"China","791","n/k",,"Laizhou","902 thousand","448","http://dbpedia.org/resource/Laizhou"
"China","550","n/k",,"Qianjiang","1.190 thousand","330","http://dbpedia.org/resource/Qianjiang._Hubei"
"China","792","Zhang Jinliang","3.300 thousand","Lanzhou","2.088 thousand","135","http://dbpedia.org/resource/Lanzhou"
"China","551","n/k",,"Bazhong","1.186 thousand","331","http://dbpedia.org/resource/Bazhong"
"USA","793","Oscar B Goodman","1.866 thousand","Las Vegas","558 thousand","586","http://dbpedia.org/resource/Las_Vegas"
"Iran","310","Alireza Novin",,"Tabriz","1.420 thousand","248","http://dbpedia.org/resource/Tabriz"
"China","552","n/k",,"Leqing","1.183 thousand","333","http://dbpedia.org/resource/Yueqing"
"UK","794","Paul Rogerson","1.500 thousand","Leeds","778 thousand","510","http://dbpedia.org/resource/Leeds"
"Iran","311","n/k",,"Karaj","1.380 thousand","264","http://dbpedia.org/resource/Karaj"
"China","553","n/k",,"Dongtai","1.170 thousand","337","http://dbpedia.org/resource/Dongtai"
"Germany","795","Burkhard Jung","1.417 thousand","Leipzig","515 thousand","n/r","http://dbpedia.org/resource/Leipzig"
"Iran","312","Saeed Mombeini","1.500 thousand","Ahwaz","1.338 thousand","282","http://dbpedia.org/resource/Ahvaz"
"China","554","n/k","3.037 thousand","Guangyuan","1.160 thousand","341","http://dbpedia.org/resource/Guangyuan"
"Mexico","796","Ricardo Sheffield","1.635 thousand","Leon","1.138 thousand","349","http://dbpedia.org/resource/Le%C3%B3n._Guanajuato"
"Iran","313","Mehran E'temad","1.300 thousand","Shiraz","1.228 thousand","318","http://dbpedia.org/resource/Shiraz"
"China","555","n/k",,"Qidong","1.160 thousand","342","http://dbpedia.org/resource/Qidong._Jiangsu"
"China","797","n/k",,"Leqing","1.183 thousand","333","http://dbpedia.org/resource/Yueqing"
"Iran","314","n/k",,"Qom","1.042 thousand","393","http://dbpedia.org/resource/Kahak._Qom"
"China","556","n/k","7.188 thousand","Bijie","1.130 thousand","353","http://dbpedia.org/resource/Bijie"
"China","798","n/k",,"Leshan","1.120 thousand","357","http://dbpedia.org/resource/Leshan"
"Iran","315","n/k","966 thousand","Kermanshah","823 thousand","477","http://dbpedia.org/resource/Kermanshah"
"China","557","n/k",,"Haicheng","1.130 thousand","354","http://dbpedia.org/resource/Haicheng._Liaoning"
"China","799","Xing Taian",,"Lianjiang","1.300 thousand","290","http://dbpedia.org/resource/Lianjiang._Guangdong"
"Iraq","316","Sabir al-Issawi","6.500 thousand","Baghdad","6.050 thousand","32","http://dbpedia.org/resource/Baghdad"
"China","558","n/k",,"Leshan","1.120 thousand","357","http://dbpedia.org/resource/Leshan"
"Iraq","317","Jabbar Jaber Al-Latif","3.800 thousand","Basrah","1.760 thousand","168","http://dbpedia.org/resource/Basra"
"China","559","n/k",,"Jimo","1.112 thousand","361","http://dbpedia.org/resource/Jimo"
"Iraq","318","n/k","1.5000 thousand","Irbil","1.294 thousand","295","http://dbpedia.org/resource/Erbil"
"Iraq","319","n/k","1.139 thousand","Mosul","1.139 thousand","348","http://dbpedia.org/resource/Mosul"
"China","560","Zhang Zhen Chuan",,"Jining","1.110 thousand","362","http://dbpedia.org/resource/Jining"
"China","561","n/k",,"Wafangdian","1.100 thousand","368","http://dbpedia.org/resource/Wafangdian"
"Ireland","320","Emer Costello","1.661 thousand","Dublin","506 thousand","n/r","http://dbpedia.org/resource/Dublin"
"China","562","n/k",,"Shouguang","1.090 thousand","373","http://dbpedia.org/resource/Shouguang"
"Israel","321","Nir Barkat Nazareth","1.029 thousand","Jerusalem","764 thousand","514","http://dbpedia.org/resource/Jerusalem"
"China","563","n/k",,"Taishan","1.070 thousand","381","http://dbpedia.org/resource/Taishan"
"Israel","322","Ron Huldai","3.250 thousand","TEL AVIV","383 thousand","n/r","http://dbpedia.org/resource/Tel_Aviv"
"China","564","n/k",,"Ezhou","1.064 thousand","385","http://dbpedia.org/resource/Ezhou"
"Israel","323","Yona Yahav","975 thousand","Haifa","276 thousand","n/r","http://dbpedia.org/resource/Haifa"
"China","565","n/k",,"Jiangdu","1.053 thousand","388","http://dbpedia.org/resource/Jiangdu_District"
"Italy","324","Gianni Alemanno","3.555 thousand","ROME","2.732 thousand","90","http://dbpedia.org/resource/Rome"
"China","566","n/k",,"Beiliu","1.050 thousand","390","http://dbpedia.org/resource/Beiliu"
"Italy","325","Letizia Moratti","4.051 thousand","Milan","1.302 thousand","289","http://dbpedia.org/resource/Milan"
"China","567","n/k",,"Gongzhuling","1.050 thousand","391","http://dbpedia.org/resource/Gongzhuling"
"Italy","326","Rosa Russo Jervolino","3.000 thousand","Naples","963 thousand","423","http://dbpedia.org/resource/Naples"
"China","568","Wang Xiang",,"Changshu","1.048 thousand","392","http://dbpedia.org/resource/Changshu"
"Italy","327","Sergio Chiamparino","1.617 thousand","Turin","910 thousand","442","http://dbpedia.org/resource/Turin"
"China","569","X�e Y�s��","3.700 thousand","Fuzhou (Jiangxi)","1.020 thousand","399","http://dbpedia.org/resource/Fuzhou._Jiangxi"
"Italy","328","Diego Cammarata","947 thousand","Palermo","684 thousand","546","http://dbpedia.org/resource/Palermo"
"Italy","329","Matteo Renzi","825 thousand","Florence","375 thousand","n/r","http://dbpedia.org/resource/Florence"
"China","570","Gong Jianhua","958 thousand","Yichun","1.020 thousand","400","http://dbpedia.org/resource/Yichun._Jiangxi"
"China","571","n/k","2.707 thousand","Mudanjiang","1.014 thousand","402","http://dbpedia.org/resource/Mudanjiang"
"Italy","330","n/k","831 thousand","Catania","337 thousand","n/r","http://dbpedia.org/resource/Catania"
"China","572","n/k",,"Baoding","997 thousand","413","http://dbpedia.org/resource/Baoding"
"Ivory Coast","331","Pierre Dj�dji Amondji","4.000 thousand","Abidjan","3.800 thousand","56","http://dbpedia.org/resource/Abidjan"
"China","573","n/k","2.090 thousand","Hezhou","990 thousand","415","http://dbpedia.org/resource/Linxia_City"
"Ivory Coast","332","n/k","775 thousand","Bouakt","531 thousand","n/r","http://dbpedia.org/resource/Bouak%C3%A9"
"China","574","n/k","1.500 thousand","Wujiang","970 thousand","422","http://dbpedia.org/resource/Wujiang_District._Suzhou"
"Jamaica","333","n/k","925 thousand","KINGSTON","650 thousand","562","http://dbpedia.org/resource/Kingston._Jamaica"
"China","575","n/k",,"Feicheng","960 thousand","426","http://dbpedia.org/resource/Feicheng"
"Japan","334","Shintaro Ishihara","31.036 thousand","TOKYO","8.653 thousand","15","http://dbpedia.org/resource/Tokyo"
"China","576","n/k",,"Haimen","950 thousand","429","http://dbpedia.org/resource/Haimen"
"Japan","335","Fumiko Hayashi",,"Yokohama","3.655 thousand","59","http://dbpedia.org/resource/Yokohama"
"China","577","n/k",,"Weinan","925 thousand","435","http://dbpedia.org/resource/Weinan"
"Japan","336","Kunio Hiramatsu","17.590 thousand","Osaka","2.647 thousand","95","http://dbpedia.org/resource/Osaka"
"China","578","n/k",,"Songzi","905 thousand","445","http://dbpedia.org/resource/Songzi"
"Japan","337","Takashi Kawamura","9.250 thousand","Nagoya","2.260 thousand","125","http://dbpedia.org/resource/Nagoya"
"China","579","n/k",,"Laizhou","902 thousand","448","http://dbpedia.org/resource/Laizhou"
"Japan","338","Fumio Ueda","2.130 thousand","Sapporo","1.906 thousand","148","http://dbpedia.org/resource/Sapporo"
"Japan","339","Tatsuo Yada","1.560 thousand","Kobe","1.534 thousand","206","http://dbpedia.org/resource/Kobe"
"China","580","n/k",,"Danyang","890 thousand","454","http://dbpedia.org/resource/Danyang._Jiangsu"
"China","581","n/k","7.000 thousand","Hengyang","880 thousand","456","http://dbpedia.org/resource/Hengyang"
"Japan","340","Daisaku Kadokawa","1.500 thousand","Kyoto","1.466 thousand","227","http://dbpedia.org/resource/Kyoto"
"China","582","n/k",,"Honghu","880 thousand","457","http://dbpedia.org/resource/Honghu"
"Japan","341","Hiroshi Yoshida","2.230 thousand","Fukuoka","1.450 thousand","234","http://dbpedia.org/resource/Fukuoka"
"China","583","n/k",,"Daye","874 thousand","459","http://dbpedia.org/resource/Huangshi"
"Kyrgyztan","100","Melis Myrzakmatov",,"Osh","230 thousand","n/r","http://dbpedia.org/resource/Osh"
"Japan","342","Takao Abe","1.450 thousand","Kawasaki","1.390 thousand","261","http://dbpedia.org/resource/Kawasaki._Kanagawa"
"China","584","Gang Rui","1.567 thousand","Benxi","830 thousand","473","http://dbpedia.org/resource/Benxi"
"Nigeria","101","n/k","1.309 thousand","Oshogbo","421 thousand","n/r","http://dbpedia.org/resource/Osogbo"
"Japan","343","Hayato Shimizu",,"Saitama","1.183 thousand","334","http://dbpedia.org/resource/Saitama._Saitama"
"China","585","n/k",,"Haikou","830 thousand","474","http://dbpedia.org/resource/Haikou"
"Norway","102","Fabian Stang","876 thousand","OSLO","584 thousand","575","http://dbpedia.org/resource/Oslo"
"Japan","344","Tadatoshi Akiba","1.700 thousand","Hiroshima","1.174 thousand","336","http://dbpedia.org/resource/Hiroshima"
"China","586","n/k","1.041 thousand","Hohhot","820 thousand","480","http://dbpedia.org/resource/Hohhot"
"Canada","103","Larry O'Brien","1.131 thousand","OTTAWA","815 thousand","483","http://dbpedia.org/resource/Ottawa"
"Japan","345","Emiko Okuyama","1.300 thousand","Sendai","1.032 thousand","396","http://dbpedia.org/resource/Sendai"
"China","587","n/k","990 thousand","Liuzhou","810 thousand","487","http://dbpedia.org/resource/Liuzhou"
"Burkina Faso","104","Simon Compaor�","1.727 thousand","OUAGADOUGOU","1.475 thousand","225","http://dbpedia.org/resource/Ouagadougou"
"Japan","346","Kenji Kitahashi","1.050 thousand","Kitakyushu","985 thousand","418","http://dbpedia.org/resource/Kitakyushu"
"China","588","Chen Qitao","3.470 thousand","Bengbu","809 thousand","490","http://dbpedia.org/resource/Bengbu"
"Indonesia","105","Fauzi Bahar","900 thousand","Padang","820 thousand","481","http://dbpedia.org/resource/Padang"
"Japan","347","Toshihito Kumagai","970 thousand","Chiba","962 thousand","424","http://dbpedia.org/resource/Chiba._Chiba"
"China","589","n/k","2.770 thousand","Daqing","800 thousand","499","http://dbpedia.org/resource/Daqing"
"Indonesia","106","Eddy Santana Putra",,"Palembang","1.600 thousand","195","http://dbpedia.org/resource/Palembang"
"Japan","348","Keisuke Kiharac",,"Sakai","836 thousand","470","http://dbpedia.org/resource/Sakai._Osaka"
"Italy","107","Diego Cammarata","947 thousand","Palermo","684 thousand","546","http://dbpedia.org/resource/Palermo"
"Japan","349","Yasutomo Suzuki","1.093 thousand","Hamamatsu","815 thousand","482","http://dbpedia.org/resource/Hamamatsu"
"Panama","108","Bosco Vallarino","1.220 thousand","PANAMA CITY","850 thousand","467","http://dbpedia.org/resource/Panama_City"
"China","109","n/k","771 thousand","Panzhihua","478 thousand","n/r","http://dbpedia.org/resource/Panzhihua"
"China","590","Huang Xingwei","10.700 thousand","Nanyang","800 thousand","500","http://dbpedia.org/resource/Nanyang._Henan"
"China","591","Zhu. Deyi","1.960 thousand","Jixi","760 thousand","516","http://dbpedia.org/resource/Jixi"
"Japan","350","Akira Shinoda",,"Niigata","812 thousand","486","http://dbpedia.org/resource/Niigata._Niigata"
"China","592","n/k",,"Ankang","743 thousand","521","http://dbpedia.org/resource/Ankang"
"Japan","351","Zenkichi Kojima","1.211 thousand","Shizuoka","718 thousand","530","http://dbpedia.org/resource/Shizuoka._Shizuoka"
"China","593","n/k","894 thousand","Xining","713 thousand","533","http://dbpedia.org/resource/Xining"
"France","110","Bertrand Delano�","11.769 thousand","PARIS","2.113 thousand","133","http://dbpedia.org/resource/Paris"
"Japan","352","Shigeo Takaya","1.250 thousand","Okayama","700 thousand","539","http://dbpedia.org/resource/Okayama"
"China","594","n/k","969 thousand","Fuxin","690 thousand","541","http://dbpedia.org/resource/Fuxin"
"India","111","GhanShyam Kumar","2.500 thousand","Patna","1.800 thousand","160","http://dbpedia.org/resource/Patna"
"Japan","353","Kita Kurose",,"Okinawa","129 thousand","n/r","http://dbpedia.org/resource/Naha._Okinawa"
"China","595","n/k","902 thousand","Jinzhou","690 thousand","543","http://dbpedia.org/resource/Jinzhou"
"Russia","112","Igor Shubin","1.200 thousand","Perm","1.010 thousand","404","http://dbpedia.org/resource/Perm"
"Jordan","354","Omar Maani","2.524 thousand","AMMAN","1.919 thousand","146","http://dbpedia.org/resource/Amman"
"China","596","n/k","882 thousand","Zhangjiakou","680 thousand","551","http://dbpedia.org/resource/Zhangjiakou"
"Australia","113","Lisa Scaffidi",,"Perth","1.603 thousand","193","http://dbpedia.org/resource/Perth"
"Kazakhstan","355","Akhmetzhan Yesimov","1.500 thousand","ALMATY","1.420 thousand","244","http://dbpedia.org/resource/Almaty"
"China","597","n/k","855 thousand","Kaifeng","584 thousand","574","http://dbpedia.org/resource/Kaifeng"
"Pakistan","114","Muhammad Umar Khan","3.100 thousand","Peshawar","1.100 thousand","367","http://dbpedia.org/resource/Peshawar"
"Kazakhstan","356","Imangali Tasmagambetov",,"ASTANA","803 thousand","496","http://dbpedia.org/resource/Astana"
"China","598","n/k","799 thousand","Hengyang","561 thousand","584","http://dbpedia.org/resource/Hengyang"
"USA","115","Michael Nutter","5.345 thousand","Philadelphia","1.540 thousand","205","http://dbpedia.org/resource/Philadelphia"
"Kenia","357","Ahmed Abubakar Mohdhar",,"Mombasa","880 thousand","458","http://dbpedia.org/resource/Mombasa"
"China","599","n/k","771 thousand","Panzhihua","478 thousand","n/r","http://dbpedia.org/resource/Panzhihua"
"Cambodia","116","Keb Chutema","2.001 thousand","PHNOM PENH","1.242 thousand","314","http://dbpedia.org/resource/Phnom_Penh"
"Kenya","358","Geoffrey Majiwa","3.300 thousand","NAIROBI","3.130 thousand","74","http://dbpedia.org/resource/Nairobi"
"USA","117","Phil Gordon","4.282 thousand","Phoenix","1.568 thousand","199","http://dbpedia.org/resource/Phoenix._Arizona"
"Kuwait","359","n/k","2.380 thousand","KUWAIT CITY","96 thousand","n/r","http://dbpedia.org/resource/Kuwait_City"
"Senegal","118","n/k",,"Pikine-Guediawaye","1.200 thousand","325","http://dbpedia.org/resource/Pikine"
"India","119","Yogesh Behl",,"Pimpri Chinchwad","1.515 thousand","213","http://dbpedia.org/resource/Pimpri-Chinchwad"
"Nicaragua","10","Daisy Torres","1.342 thousand","MANAGUA","1.185 thousand","332","http://dbpedia.org/resource/Managua"
"Brazil","11","Amazonino Mendes","1.924 thousand","Manaus","1.739 thousand","173","http://dbpedia.org/resource/Manaus"
"UK","12","Mavis Smitheman","2.240.230","Manchester","464 thousand","n/r","http://dbpedia.org/resource/Manchester"
"Myanmar (Burma)","13","Phone Zaw Han","1.300 thousand","Mandalay","961 thousand","425","http://dbpedia.org/resource/Mandalay"
"Philippines","14","Alfredo S Lim","13.503 thousand","MANILA METRO","11.550 thousand","7","http://dbpedia.org/resource/Metro_Manila"
"Germany","15","Peter Kurz","1.456 thousand","Mannheim","311 thousand","n/r","http://dbpedia.org/resource/Mannheim"
"Mozambique","16","David Simango","1.640 thousand","MAPUTO","1.244 thousand","313","http://dbpedia.org/resource/Maputo"
"Venezuela","17","Eveling Trejo","1.868 thousand","Maracaibo","1.799 thousand","164","http://dbpedia.org/resource/Maracaibo"
"Venezuela","18","Humberto Prieto","1.125 thousand","Maracay","479 thousand","n/r","http://dbpedia.org/resource/Maracay"
"Morocco","19","n/k",,"Marrakech","1.071 thousand","380","http://dbpedia.org/resource/Marrakesh"
"Kyrgyzstan","360","Nariman Tuleyev","800 thousand","BISHKEK","765 thousand","513","http://dbpedia.org/resource/Bishkek"
"Kyrgyztan","361","Melis Myrzakmatov",,"Osh","230 thousand","n/r","http://dbpedia.org/resource/Osh"
"China","120","Deng Yongjian","5.200 thousand","Pingdingshan","1.230 thousand","316","http://dbpedia.org/resource/Pingdingshan"
"Latvia","362","Nils Usakovs","878 thousand","RIGA","725 thousand","528","http://dbpedia.org/resource/Riga"
"China","121","n/k",,"Pingdu","1.340 thousand","281","http://dbpedia.org/resource/Pingdu"
"Lebanon","363","Abdel Mounim Ariss","2.600 thousand","BEIRUT","1.250 thousand","309","http://dbpedia.org/resource/Beirut"
"USA","122","Luke Ravenstahl","2.411 thousand","Pittsburgh","335 thousand","n/r","http://dbpedia.org/resource/Pittsburgh"
"Liberia","364","Ophelia Hoff Saytumah","1.010 thousand","MONROVIA","543 thousand","594","http://dbpedia.org/resource/Monrovia"
"Congo Br","123","n/k","789 thousand","Pointe Noire","527 thousand","n/r","http://dbpedia.org/resource/Pointe-Noire"
"Libya","365","Abdullatif Abdulrahman Aldaali","2.270 thousand","TRIPOLI","1.683 thousand","179","http://dbpedia.org/resource/Tripoli"
"South Africa","124","Nondumiso Maphasi","1.245 thousand","Port Elizabeth","833 thousand","471","http://dbpedia.org/resource/Port_Elizabeth"
"Libya","366","n/k","1.500 thousand","Benghazi","1.471 thousand","226","http://dbpedia.org/resource/Benghazi"
"Nigeria","125","Azubuike Nmerukini","3.761 thousand","Port Harcourt","2.667 thousand","94","http://dbpedia.org/resource/Port_Harcourt"
"Lithuania","367","Vilius Navickas",,"VILNIUS","545 thousand","593","http://dbpedia.org/resource/Vilnius"
"Haiti","126","Jean Yves Jason","1.728 thousand","PORT-AU-PRINCE","1.083 thousand","376","http://dbpedia.org/resource/Port-au-Prince"
"Afghanistan","368","Mohammad Yunus Noandesh","4.000 thousand","KABUL","3.586 thousand","64","http://dbpedia.org/resource/Kabul"
"USA","127","Sam Adams","2.255 thousand","Portland","542 thousand","596","http://dbpedia.org/resource/Portland._Oregon"
"Algeria","369","Tayeb Zitouni","3.354 thousand","ALGIERS","1.520 thousand","211","http://dbpedia.org/resource/Algiers"
"Portugal","128","Rui Rio","1.210 thousand","Porto","263 thousand","n/r","http://dbpedia.org/resource/Porto"
"Brazil","129","Jos� Fortunati","3.646 thousand","Porto Alegre","1.355 thousand","273","http://dbpedia.org/resource/Porto_Alegre"
"France","20","Jean-Claude Gaudin","1.605 thousand","Marseille","852 thousand","464","http://dbpedia.org/resource/Marseille"
"Iran","21","Mohammad Pejman","3.000 thousand","Mashhad","2.910 thousand","81","http://dbpedia.org/resource/Babolsar"
"Oman","22","n/k","776 thousand","Masqat-Matrah","776 thousand","511","http://dbpedia.org/resource/Muscat._Oman"
"Mexico","23","n/k","780 thousand","Matamoros","370 thousand","n/r","http://dbpedia.org/resource/Matamoros._Tamaulipas"
"Indonesia","24","n/k","1.081 thousand","Mataram","330 thousand","n/r","http://dbpedia.org/resource/Mataram_(city)"
"Congo D.R.","25","n/k","1.054 thousand","Mbuji-Mayi","905 thousand","444","http://dbpedia.org/resource/Mbuji-Mayi"
"Saudi Arabia","26","Osama Al-Bar","2.500 thousand","Mecca","1.700 thousand","177","http://dbpedia.org/resource/Mecca"
"Indonesia","27","Rahudman Harahap","2.390 thousand","Medan","1.990 thousand","141","http://dbpedia.org/resource/Medan"
"Colombia","28","Alonso Salazar Jaramillo","3.312 thousand","Medellin","2.223 thousand","128","http://dbpedia.org/resource/Medell%C3%ADn"
"Saudi Arabia","29","Abdulaziz Bin Majid","1.300 thousand","Medina","1.300 thousand","291","http://dbpedia.org/resource/Medina"
"Algeria","370","Saddek Benkada","772 thousand","Oran","683 thousand","547","http://dbpedia.org/resource/Oran"
"Angola","371","Jos� Maria Ferraz dos Santos","5.500 thousand","LUANDA","4.799 thousand","41","http://dbpedia.org/resource/Luanda"
"Czech Republic","130","Zdenek Tuma","1.900 thousand","PRAGUE","1.242 thousand","315","http://dbpedia.org/resource/Prague"
"Argentina","372","Mauricio Macri","12.924 thousand","BUENOS AIRES","11.655 thousand","6","http://dbpedia.org/resource/Buenos_Aires"
"Mexico","131","Blanca Alcala Ruiz","2.500 thousand","Puebla","1.888 thousand","150","http://dbpedia.org/resource/Puebla._Puebla"
"Argentina","373","Daniel Giacomino","1.528 thousand","Cordoba","1.310 thousand","288","http://dbpedia.org/resource/C%C3%B3rdoba._Argentina"
"India","132","Mohansingh Rajpal","4.470 thousand","Pune","3.337 thousand","71","http://dbpedia.org/resource/Pune"
"Argentina","374","n/k",,"La Matanza","1.255 thousand","307","http://dbpedia.org/resource/La_Matanza_Partido"
"North Korea","133","n/k","3.400 thousand","PYONGYANG","3.255 thousand","72","http://dbpedia.org/resource/Pyongyang"
"Argentina","375","Miguel Lifschitz","1.358 thousand","Rosario","1.160 thousand","343","http://dbpedia.org/resource/Rosario._Santa_Fe"
"China","134","n/k",,"Qianjiang","1.190 thousand","330","http://dbpedia.org/resource/Qianjiang._Hubei"
"Argentina","376","Pablo Bruera","833 thousand","La Plata","710 thousand","535","http://dbpedia.org/resource/La_Plata"
"China","135","n/k",,"Qidong","1.160 thousand","342","http://dbpedia.org/resource/Qidong._Jiangsu"
"Argentina","377","Domingo Amaya","830 thousand","Tucuman","528 thousand","n/r","http://dbpedia.org/resource/San_Miguel_de_Tucum%C3%A1n"
"China","136","Xia Geng","7.580 thousand","Qingdao","2.755 thousand","88","http://dbpedia.org/resource/Qingdao"
"Argentina","378","V�ctor Fayad","849 thousand","Mendoza","113 thousand","n/r","http://dbpedia.org/resource/Mendoza._Argentina"
"China","137","Liu Gang","6.011 thousand","Qiqihaer","1.439 thousand","240","http://dbpedia.org/resource/Qiqihar"
"Armenia","379","Gagik Beglaryan","1.246 thousand","YEREVAN","1.108 thousand","365","http://dbpedia.org/resource/Yerevan"
"Iran","138","n/k",,"Qom","1.042 thousand","393","http://dbpedia.org/resource/Qom"
"China","139","Zhu Ming","7.790 thousand","Quanzhou","1.490 thousand","220","http://dbpedia.org/resource/Quanzhou"
"India","30","n/k",,"Meerut","1.277 thousand","306","http://dbpedia.org/resource/Meerut"
"Australia","31","Robert Doyle","3.3635 thousand","Melbourne","3.635 thousand","61","http://dbpedia.org/resource/Melbourne"
"USA","32","AC Wharton","1.281 thousand","Memphis","670 thousand","555","http://dbpedia.org/resource/Memphis._Tennessee"
"Argentina","33","V�ctor Fayad","849 thousand","Mendoza","113 thousand","n/r","http://dbpedia.org/resource/Mendoza._Argentina"
"Mexico","34","C�sar Boj�rquez Zapata","890 thousand","Merida","734 thousand","525","http://dbpedia.org/resource/M%C3%A9rida._Yucat%C3%A1n"
"Mexico","35","n/k","1.000 thousand","Mexicali","1.000 thousand","411","http://dbpedia.org/resource/Mexicali"
"Mexico","36","Marcelo Ebrard","21.163 thousand","MEXICO CITY","8.841 thousand","14","http://dbpedia.org/resource/Mexico_City"
"USA","37","Tom�s Regalado","5.413 thousand","Miami","386 thousand","n/r","http://dbpedia.org/resource/Miami"
"China","38","Liu Dong","5.200 thousand","Mianyang","1.300 thousand","292","http://dbpedia.org/resource/Mianyang"
"Italy","39","Letizia Moratti","4.051 thousand","Milan","1.302 thousand","289","http://dbpedia.org/resource/Milan"
"Australia","380","Clover Moore",,"Sydney","4.400 thousand","48","http://dbpedia.org/resource/Sydney"
"Australia","381","Robert Doyle","3.3635 thousand","Melbourne","3.635 thousand","61","http://dbpedia.org/resource/Melbourne"
"Canada","140","R�gis Labeaume","717 thousand","Qu�bec","495 thousand","n/r","http://dbpedia.org/resource/Quebec_City"
"Australia","382","Lisa Scaffidi",,"Perth","1.603 thousand","193","http://dbpedia.org/resource/Perth"
"Philippines","141","Herbert M Bautis",,"Quezon City","2.680 thousand","92","http://dbpedia.org/resource/Quezon_City"
"Australia","383","Campbell Newman","1.544 thousand","Brisbane","1.544 thousand","204","http://dbpedia.org/resource/Brisbane"
"Ecuador","142","Augusto Barrera","1.842 thousand","QUITO","1.648 thousand","187","http://dbpedia.org/resource/Quito"
"Australia","384","Stephen Yarwood",,"Adelaide","1.290 thousand","296","http://dbpedia.org/resource/Adelaide"
"Morocco","143","Omar El Bahraoui","1.790 thousand","RABAT","627 thousand","564","http://dbpedia.org/resource/Rabat"
"Austria","385","Michael H�upl","2.269 thousand","VIENNA","1.681 thousand","180","http://dbpedia.org/resource/Vienna"
"India","144","Sandhya Vyas",,"Rajkot","1.336 thousand","283","http://dbpedia.org/resource/Rajkot"
"Azerbaijan","386","Hajibala Abutalybov","2.072 thousand","BAKU","2.040 thousand","138","http://dbpedia.org/resource/Baku"
"USA","145","Charles Meeker","1.691 thousand","Raleigh","393 thousand","n/r","http://dbpedia.org/resource/Raleigh._North_Carolina"
"Bangladesh","387","Sadeque Hossain Khosa","12.797 thousand","DHAKA","7.940 thousand","19","http://dbpedia.org/resource/Dhaka"
"India","146","Rama Khalkho",,"Ranchi","1.290 thousand","298","http://dbpedia.org/resource/Ranchi"
"Bangladesh","388","Mohammed Manjur Alam","3.858 thousand","Chittagong","2.580 thousand","100","http://dbpedia.org/resource/Chittagong"
"Pakistan","147","Raja Hamid Nawaz","2.548 thousand","Rawalpindi","1.558 thousand","202","http://dbpedia.org/resource/Rawalpindi"
"Bangladesh","389","Talukder Abdul Khaleque","1.388 thousand","Khulna","856 thousand","463","http://dbpedia.org/resource/Khulna"
"Brazil","148","Jo�o da Costa Bezerra Filho","3.769 thousand","Recife","1.561 thousand","200","http://dbpedia.org/resource/Recife"
"France","149","Daniel Delaveau",,"Rennes","206 thousand","n/r","http://dbpedia.org/resource/Rennes"
"USA","40","Tom Barrett","1.740 thousand","Milwaukee","604 thousand","569","http://dbpedia.org/resource/Milwaukee"
"USA","41","R T Rybak","3.503 thousand","Minneapolis","392 thousand","n/r","http://dbpedia.org/resource/Minneapolis"
"Belarus","42","Nikolai Ladutko",,"MINSK","1.831 thousand","155","http://dbpedia.org/resource/Minsk"
"India","43","n/k","1.095 thousand","Mirat","1.095 thousand","370","http://dbpedia.org/resource/Meerut"
"Somalia","44","Mohamud Ahmed Tarzan","2.500 thousand","MOGADISHU","1.500 thousand","218","http://dbpedia.org/resource/Mogadishu"
"Kenia","45","Ahmed Abubakar Mohdhar",,"Mombasa","880 thousand","458","http://dbpedia.org/resource/Mombasa"
"Liberia","46","Ophelia Hoff Saytumah","1.010 thousand","MONROVIA","543 thousand","594","http://dbpedia.org/resource/Monrovia"
"Mexico","47","Fernando Larrazabal","3.650 thousand","Monterrey","2.057 thousand","137","http://dbpedia.org/resource/Monterrey"
"Uruguay","48","Ana Olivera","1.723 thousand","MONTEVIDEO","1.326 thousand","285","http://dbpedia.org/resource/Montevideo"
"France","49","H�l�ne Mandroux-Colas",,"Montpellier","252 thousand","n/r","http://dbpedia.org/resource/Montpellier"
"Belarus","390","Nikolai Ladutko",,"MINSK","1.831 thousand","155","http://dbpedia.org/resource/Minsk"
"Belgium","391","Freddy Thielemans","1.740 thousand","BRUSSELS","958 thousand","427","http://dbpedia.org/resource/Brussels"
"Brazil","150","D�rcy Vera","789 thousand","Ribeirao Preto","547 thousand","591","http://dbpedia.org/resource/Ribeir%C3%A3o_Preto"
"Belgium","392","Patrick Janssens","948 thousand","Antwerp","444 thousand","n/r","http://dbpedia.org/resource/Antwerp"
"USA","151","Dwight Clinton Jones","1.213 thousand","Richmond","200 thousand","n/r","http://dbpedia.org/resource/Richmond._Virginia"
"Belgium","393","Dani�l Termont",,"Gent","233 thousand","n/r","http://dbpedia.org/resource/Ghent"
"Latvia","152","Nils Usakovs","878 thousand","RIGA","725 thousand","528","http://dbpedia.org/resource/Riga"
"Belgium","394","Patrick Moenaert",,"Bruges","117 thousand","n/r","http://dbpedia.org/resource/Bruges"
"Brazil","153","Eduardo Paes","14.387 thousand","Rio de Janeiro","6.093 thousand","31","http://dbpedia.org/resource/Rio_de_Janeiro"
"Bolivia","395","Percy Fernandez","1.863 thousand","Santa Cruz","1.595 thousand","196","http://dbpedia.org/resource/Santa_Cruz_de_la_Sierra"
"Saudi Arabia","154","Abdul Aziz ibn 'Ayyaf Al Migrin","5.855 thousand","RIYADH","4.950 thousand","40","http://dbpedia.org/resource/Riyadh"
"Bolivia","396","Luis Antonio Revilla Herrero","1.551 thousand","LA PAZ","1.517 thousand","212","http://dbpedia.org/resource/La_Paz"
"China","155","Zhao Xiaowei",,"Rizhao","1.290 thousand","299","http://dbpedia.org/resource/Rizhao"
"Bolivia","397","n/k","798 thousand","Cochabamba","608 thousand","568","http://dbpedia.org/resource/Cochabamba"
"USA","156","n/k","1.100 thousand","Rochester","220 thousand","n/r","http://dbpedia.org/resource/Rochester._New_York"
"Brazil","398","Gilberto Kassab","19.890 thousand","Sao Paulo","11.038 thousand","9","http://dbpedia.org/resource/S%C3%A3o_Paulo"
"Italy","157","Gianni Alemanno","3.555 thousand","ROME","2.732 thousand","90","http://dbpedia.org/resource/Rome"
"Brazil","399","Eduardo Paes","14.387 thousand","Rio de Janeiro","6.093 thousand","31","http://dbpedia.org/resource/Rio_de_Janeiro"
"Argentina","158","Miguel Lifschitz","1.358 thousand","Rosario","1.160 thousand","343","http://dbpedia.org/resource/Rosario._Santa_Fe"
"Germany","159","Roland Methling",,"Rostock","201 thousand","n/r","http://dbpedia.org/resource/Rostock"
"Canada","50","G�rald Tremblay","3.636 thousand","Montreal","1.621 thousand","189","http://dbpedia.org/resource/Montreal"
"Russia","51","Sergei Sobyanin","14.800 thousand","MOSCOW","10.524 thousand","10","http://dbpedia.org/resource/Moscow"
"Iraq","52","n/k","1.139 thousand","Mosul","1.139 thousand","348","http://dbpedia.org/resource/Mosul"
"China","53","n/k","2.707 thousand","Mudanjiang","1.014 thousand","402","http://dbpedia.org/resource/Mudanjiang"
"Pakistan","54","Mian Faisal Mukhtar","1.500 thousand","Multan","1.424 thousand","243","http://dbpedia.org/resource/Multan"
"India","55","Shraddha Jadhav","21.200 thousand","Mumbai (Bombay)","13.900 thousand","3","http://dbpedia.org/resource/Mumbai"
"Germany","56","Christian Ude","2.600 thousand","Munich","1.367 thousand","271","http://dbpedia.org/resource/Munich"
"Germany","57","Markus Lewe",,"M�nster","274 thousand","n/r","http://dbpedia.org/resource/M%C3%BCnster"
"India","58","Purushotham",,"Mysore","799 thousand","501","http://dbpedia.org/resource/Mysore"
"Japan","59","Takashi Kawamura","9.250 thousand","Nagoya","2.260 thousand","125","http://dbpedia.org/resource/Nagoya"
"Russia","160","Mikhail Chernyshyov","1.250 thousand","Rostov on Don","1.068 thousand","382","http://dbpedia.org/resource/Rostov-on-Don"
"Netherlands","161","Ahmed Aboutaleb","1.187 thousand","Rotterdam","590 thousand","572","http://dbpedia.org/resource/Rotterdam"
"China","162","Ding Dawei",,"Rugao","1.453 thousand","232","http://dbpedia.org/resource/Rugao"
"China","163","n/k",,"Ruian","1.250 thousand","311","http://dbpedia.org/resource/Rui'an"
"Ecuador","164","Jaime Nebot","2.686 thousand","Guayaquil","2.196 thousand","131","http://dbpedia.org/resource/Guayaquil"
"Ecuador","165","Augusto Barrera","1.842 thousand","QUITO","1.648 thousand","187","http://dbpedia.org/resource/Quito"
"Egypt","166","Abdul Azim Wazir","15.546 thousand","CAIRO","7.764 thousand","21","http://dbpedia.org/resource/Cairo"
"Egypt","167","Adel Labib","4.350 thousand","Alexandria","4.110 thousand","52","http://dbpedia.org/resource/Alexandria"
"Egypt","168","n/k","2.600 thousand","Giza","2.225 thousand","127","http://dbpedia.org/resource/Giza"
"Egypt","169","n/k",,"Subra al-Haymah","998 thousand","412","http://dbpedia.org/resource/Shubra_El-Kheima"
"India","60","Archana Dehankar",,"Nagpur","2.420 thousand","117","http://dbpedia.org/resource/Nagpur"
"Kenya","61","Geoffrey Majiwa","3.300 thousand","NAIROBI","3.130 thousand","74","http://dbpedia.org/resource/Nairobi"
"China","62","Chen Law",,"Nanan","1.480 thousand","224","http://dbpedia.org/resource/Nan'an._Fujian"
"China","63","Hu Xian","3.790 thousand","Nanchang","1.844 thousand","154","http://dbpedia.org/resource/Nanchang"
"China","64","Liu Hongjian","7.300 thousand","Nanchong","1.950 thousand","144","http://dbpedia.org/resource/Nanchong"
"China","65","Ji Jianye","7.600 thousand","Nanjing","4.150 thousand","51","http://dbpedia.org/resource/Nanjing"
"China","66","Huang Fangfang","6.480 thousand","Nanning","2.450 thousand","115","http://dbpedia.org/resource/Nanning"
"France","67","Jean-Marc Ayrault","804 thousand","Nantes","283 thousand","n/r","http://dbpedia.org/resource/Nantes"
"China","68","Huang Xingwei","10.700 thousand","Nanyang","800 thousand","500","http://dbpedia.org/resource/Nanyang._Henan"
"Italy","69","Rosa Russo Jervolino","3.0000 thousand","Naples","963 thousand","423","http://dbpedia.org/resource/Naples._Florida"
"El Salvador","170","Norman Quijano","1.580 thousand","SAN SALVADOR","520 thousand","n/r","http://dbpedia.org/resource/San_Salvador"
"Eritrea","171","n/k","881 thousand","ASMARA","392 thousand","n/r","http://dbpedia.org/resource/Asmara"
"Estonia","172","Edgar Savisaar",,"TALLINN","407 thousand","n/r","http://dbpedia.org/resource/Tallinn"
"Ethiopia","173","Kuma Demeksa","4.568 thousand","ADDIS ABABA","3.385 thousand","70","http://dbpedia.org/resource/Addis_Ababa"
"Finland","174","Jussi Pajunen","1.311 thousand","HELSINKI","583 thousand","577","http://dbpedia.org/resource/Helsinki"
"France","175","Bertrand Delano�","11.769 thousand","PARIS","2.113 thousand","133","http://dbpedia.org/resource/Paris"
"France","176","Jean-Claude Gaudin","1.605 thousand","Marseille","852 thousand","464","http://dbpedia.org/resource/Marseille"
"France","177","G�rard Collomb","1.665 thousand","Lyon","472 thousand","n/r","http://dbpedia.org/resource/Lyon"
"France","178","Pierre Cohen","851 thousand","Toulouse","438 thousand","n/r","http://dbpedia.org/resource/Toulouse"
"France","179","Christian Estrosi","943 thousand","Nice","347 thousand","n/r","http://dbpedia.org/resource/Nice"
"India","70","Nayana Gholap",,"Nashik","1.620 thousand","190","http://dbpedia.org/resource/Nashik"
"USA","71","Karl Dean","1.633 thousand","Nashville","626 thousand","565","http://dbpedia.org/resource/Nashville._Tennessee"
"Brazil","72","n/k","1.100 thousand","Natal","790 thousand","503","http://dbpedia.org/resource/Natal._Rio_Grande_do_Norte"
"Mexico","73","Azucena Olivares Villag�mez","835 thousand","Naucalpan","822 thousand","478","http://dbpedia.org/resource/Naucalpan"
"China","74","n/k",,"Neijiang","1.560 thousand","201","http://dbpedia.org/resource/Neijiang"
"USA","75","Mitch Landrieu","1.350 thousand","New Orleans","488 thousand","n/r","http://dbpedia.org/resource/New_Orleans"
"USA","76","Michael Bloomberg","20.090 thousand","New York City","8.364 thousand","17","http://dbpedia.org/resource/New_York_City"
"UK","77","n/k","800 thousand","Newcastle upon Tyne","234 thousand","n/r","http://dbpedia.org/resource/Newcastle_upon_Tyne"
"Mexico","78","Edgar Ces�reo Navarro S�nchez","1.150 thousand","Nezahualcoyotl","1.141 thousand","346","http://dbpedia.org/resource/Ciudad_Nezahualc%C3%B3yotl"
"France","79","Christian Estrosi","943 thousand","Nice","347 thousand","n/r","http://dbpedia.org/resource/Nice"
"France","180","Jean-Marc Ayrault","804 thousand","Nantes","283 thousand","n/r","http://dbpedia.org/resource/Nantes"
"France","181","Roland Rie","639 thousand","Strasbourg","273 thousand","n/r","http://dbpedia.org/resource/Strasbourg"
"France","182","H�l�ne Mandroux-Colas",,"Montpellier","252 thousand","n/r","http://dbpedia.org/resource/Montpellier"
"France","183","Alain Jupp�","1.010 thousand","Bordeaux","250 thousand","n/r","http://dbpedia.org/resource/Bordeaux"
"France","184","Martine Aubry","1.143 thousand","Lille","226 thousand","n/r","http://dbpedia.org/resource/Lille"
"France","185","Daniel Delaveau",,"Rennes","206 thousand","n/r","http://dbpedia.org/resource/Rennes"
"Georgia","186","Giorgi Ugulava","1.550 thousand","TBILISI","1.490 thousand","221","http://dbpedia.org/resource/Tbilisi"
"Germany","187","Klaus Wowereit","3.943 thousand","BERLIN","3.432 thousand","68","http://dbpedia.org/resource/Berlin"
"Germany","188","Olaf Scholz","3.260 thousand","Hamburg","1.775 thousand","166","http://dbpedia.org/resource/Hamburg"
"Germany","189","Christian Ude","2.600 thousand","Munich","1.367 thousand","271","http://dbpedia.org/resource/Munich"
"Japan","80","Akira Shinoda",,"Niigata","812 thousand","486","http://dbpedia.org/resource/Niigata._Niigata"
"China","81","Mao Guanglie","5.600 thousand","Ningbo","2.201 thousand","130","http://dbpedia.org/resource/Ningbo"
"Russia","82","Vadim Bulavinov","1.900 thousand","Nizhniy Novgorod","1.280 thousand","304","http://dbpedia.org/resource/Nizhny_Novgorod"
"USA","83","Paul D Fraim","1.616 thousand","Norfolk","850 thousand","466","http://dbpedia.org/resource/Norfolk._Virginia"
"Brazil","84","Lindberg Farias","959 thousand","Nova Iguacu","846 thousand","469","http://dbpedia.org/resource/Nova_Igua%C3%A7u"
"Russia","85","Vladimir Gorodetsky","1.429 thousand","Novosibirsk","1.396 thousand","258","http://dbpedia.org/resource/Novosibirsk"
"Germany","86","Ulrich Maly","1.008 thousand","Nuremberg","504 thousand","n/r","http://dbpedia.org/resource/Nuremberg"
"USA","87","Jean Quan",,"Oakland","446.900","n/r","http://dbpedia.org/resource/Oakland._California"
"Germany","88","Klaus Wehling",,"Oberhausen","216 thousand","n/r","http://dbpedia.org/resource/Oberhausen"
"Ukraine","89","Eduard Gurwits","1.200 thousand","Odessa","1.080 thousand","377","http://dbpedia.org/resource/Odessa"
"Germany","190","J�rgen Roters","11.297 thousand","Cologne","995 thousand","414","http://dbpedia.org/resource/Cologne"
"Germany","191","Petra Roth","2.717 thousand","Frankfurt","665 thousand","557","http://dbpedia.org/resource/Frankfurt"
"Germany","192","Wolfgang Schuster","2.330 thousand","Stuttgart","600 thousand","570","http://dbpedia.org/resource/Stuttgart"
"Germany","193","Ullrich Sierau",,"Dortmund","584 thousand","573","http://dbpedia.org/resource/Dortmund"
"Germany","194","Reinhard Pa�",,"Essen","580 thousand","579","http://dbpedia.org/resource/Essen"
"Germany","195","Jens B�hrnsen","1.009 thousand","Bremen","547 thousand","590","http://dbpedia.org/resource/Bremen"
"Germany","196","Stephan Weil","1.130 thousand","Hannover","520 thousand","n/r","http://dbpedia.org/resource/Hanover"
"Germany","197","Burkhard Jung","1.417 thousand","Leipzig","515 thousand","n/r","http://dbpedia.org/resource/Leipzig"
"Germany","198","Helma Orosz","1.030 thousand","Dresden","512 thousand","n/r","http://dbpedia.org/resource/Dresden"
"Germany","199","Ulrich Maly","1.008 thousand","Nuremberg","504 thousand","n/r","http://dbpedia.org/resource/Nuremberg"
"Nigeria","90","n/k","985 thousand","Ogbomosho","726 thousand","527","http://dbpedia.org/resource/Ogbomosho"
"Japan","91","Shigeo Takaya","1.250 thousand","Okayama","700 thousand","539","http://dbpedia.org/resource/Okayama"
"Japan","92","Kita Kurose",,"Okinawa","129 thousand","n/r","http://dbpedia.org/resource/Okinawa._Okinawa"
"USA","93","Mick Cornett","1.276 thousand","Oklahoma City","551 thousand","588","http://dbpedia.org/resource/Oklahoma_City"
"Sudan","94","Al-Fatih Az-ddin",,"Omdurman","2.400 thousand","118","http://dbpedia.org/resource/Omdurman"
"Russia","95","Viktor Shreyder","1.145 thousand","Omsk","1.137 thousand","350","http://dbpedia.org/resource/Omsk"
"Nigeria","96","n/k","1.001 thousand","Onitsha","509 thousand","n/r","http://dbpedia.org/resource/Onitsha"
"Algeria","97","Saddek Benkada","772 thousand","Oran","683 thousand","547","http://dbpedia.org/resource/Oran"
"USA","98","Buddy Dyer","2.055 thousand","Orlando","231 thousand","n/r","http://dbpedia.org/resource/Orlando._Florida"
"Japan","99","Kunio Hiramatsu","17.590 thousand","Osaka","2.647 thousand","95","http://dbpedia.org/resource/Osaka"
